prompts,K,seed,label,auc
baseline,1,0,Atelectasis,0.6880628365219047
baseline,1,0,Cardiomegaly,0.6906779352343534
baseline,1,0,Effusion,0.620460154683514
baseline,1,0,Infiltration,0.6474454959553335
baseline,1,0,Mass,0.574387921270257
baseline,1,0,Nodule,0.5685327627386519
baseline,1,0,Pneumonia,0.5806311522976193
baseline,1,0,Pneumothorax,0.6544968538047455
baseline,1,0,Consolidation,0.5924487023056928
baseline,1,0,Edema,0.6898970122487613
baseline,1,0,Emphysema,0.5933151229423558
baseline,1,0,Fibrosis,0.4558586153447659
baseline,1,0,Pleural_Thickening,0.6455923318749676
baseline,1,0,Hernia,0.7250535585680035
baseline,1,1,Atelectasis,0.46580776264620233
baseline,1,1,Cardiomegaly,0.5778562202293015
baseline,1,1,Effusion,0.7352847050817721
baseline,1,1,Infiltration,0.6123365142334535
baseline,1,1,Mass,0.6398551668192987
baseline,1,1,Nodule,0.4962725575000567
baseline,1,1,Pneumonia,0.6013182704688634
baseline,1,1,Pneumothorax,0.4790211813350157
baseline,1,1,Consolidation,0.7044061728099024
baseline,1,1,Edema,0.3032325511843975
baseline,1,1,Emphysema,0.388929596499172
baseline,1,1,Fibrosis,0.6321742232893727
baseline,1,1,Pleural_Thickening,0.6442449509171432
baseline,1,1,Hernia,0.7290013948018561
baseline,1,2,Atelectasis,0.628403420709849
baseline,1,2,Cardiomegaly,0.7977233085334682
baseline,1,2,Effusion,0.655570017776419
baseline,1,2,Infiltration,0.6356267385724466
baseline,1,2,Mass,0.6333439995064086
baseline,1,2,Nodule,0.485083534749853
baseline,1,2,Pneumonia,0.636823789165948
baseline,1,2,Pneumothorax,0.6266323892143024
baseline,1,2,Consolidation,0.6731872088547204
baseline,1,2,Edema,0.7257783566875214
baseline,1,2,Emphysema,0.5027756931307663
baseline,1,2,Fibrosis,0.4390649276132968
baseline,1,2,Pleural_Thickening,0.6171183500234475
baseline,1,2,Hernia,0.7170986298122941
baseline,1,3,Atelectasis,0.6327482431983855
baseline,1,3,Cardiomegaly,0.7101343194340762
baseline,1,3,Effusion,0.7128872855355203
baseline,1,3,Infiltration,0.6779532941379744
baseline,1,3,Mass,0.4457594273649206
baseline,1,3,Nodule,0.4931329862546382
baseline,1,3,Pneumonia,0.6967004383082016
baseline,1,3,Pneumothorax,0.7236893812197667
baseline,1,3,Consolidation,0.6715756368691677
baseline,1,3,Edema,0.7775836166108147
baseline,1,3,Emphysema,0.3673171412548808
baseline,1,3,Fibrosis,0.4418648272938369
baseline,1,3,Pleural_Thickening,0.5622456263428773
baseline,1,3,Hernia,0.5771398357233369
baseline,1,4,Atelectasis,0.4801107084323786
baseline,1,4,Cardiomegaly,0.7908202994862994
baseline,1,4,Effusion,0.6545942074950186
baseline,1,4,Infiltration,0.6706363007209031
baseline,1,4,Mass,0.664208920992372
baseline,1,4,Nodule,0.5465732025135384
baseline,1,4,Pneumonia,0.47870638099462826
baseline,1,4,Pneumothorax,0.5249641084113749
baseline,1,4,Consolidation,0.6566529545370561
baseline,1,4,Edema,0.749819779651566
baseline,1,4,Emphysema,0.6467117998397344
baseline,1,4,Fibrosis,0.4972799081958167
baseline,1,4,Pleural_Thickening,0.6597829091958116
baseline,1,4,Hernia,0.4687552988796004
baseline,1,5,Atelectasis,0.5744051756495508
baseline,1,5,Cardiomegaly,0.5324079955718223
baseline,1,5,Effusion,0.4327095246260802
baseline,1,5,Infiltration,0.6759816216500907
baseline,1,5,Mass,0.6780774208238755
baseline,1,5,Nodule,0.5620730798015502
baseline,1,5,Pneumonia,0.4863002333830176
baseline,1,5,Pneumothorax,0.5789377186130543
baseline,1,5,Consolidation,0.39093888528043375
baseline,1,5,Edema,0.7664312295758123
baseline,1,5,Emphysema,0.5736443422970521
baseline,1,5,Fibrosis,0.6459968378356031
baseline,1,5,Pleural_Thickening,0.4751213596357953
baseline,1,5,Hernia,0.7695491052300512
baseline,1,6,Atelectasis,0.5813282106618566
baseline,1,6,Cardiomegaly,0.7744828316385871
baseline,1,6,Effusion,0.4430085987372562
baseline,1,6,Infiltration,0.6494454042906463
baseline,1,6,Mass,0.4424099219734136
baseline,1,6,Nodule,0.479925583255901
baseline,1,6,Pneumonia,0.6350253332282805
baseline,1,6,Pneumothorax,0.6781758768433533
baseline,1,6,Consolidation,0.3566056565517556
baseline,1,6,Edema,0.7834320194297495
baseline,1,6,Emphysema,0.5474842242556031
baseline,1,6,Fibrosis,0.5398063140044779
baseline,1,6,Pleural_Thickening,0.673265395050172
baseline,1,6,Hernia,0.48408512849498153
baseline,1,7,Atelectasis,0.4803279543397
baseline,1,7,Cardiomegaly,0.748301455683725
baseline,1,7,Effusion,0.7570563325832127
baseline,1,7,Infiltration,0.612019823487872
baseline,1,7,Mass,0.6208716416787633
baseline,1,7,Nodule,0.5334636709674847
baseline,1,7,Pneumonia,0.6057735224142317
baseline,1,7,Pneumothorax,0.6670811520948358
baseline,1,7,Consolidation,0.682939745285927
baseline,1,7,Edema,0.73837130146238
baseline,1,7,Emphysema,0.4516394523306312
baseline,1,7,Fibrosis,0.5437097734269465
baseline,1,7,Pleural_Thickening,0.6904217203291662
baseline,1,7,Hernia,0.786798838576755
baseline,1,8,Atelectasis,0.5133049879865301
baseline,1,8,Cardiomegaly,0.6926721865821073
baseline,1,8,Effusion,0.7375858671008942
baseline,1,8,Infiltration,0.6022320653622626
baseline,1,8,Mass,0.561075659286081
baseline,1,8,Nodule,0.48813190409142504
baseline,1,8,Pneumonia,0.6482334377027081
baseline,1,8,Pneumothorax,0.7571682990892901
baseline,1,8,Consolidation,0.6989070840751519
baseline,1,8,Edema,0.7789351980167107
baseline,1,8,Emphysema,0.5657850249604405
baseline,1,8,Fibrosis,0.5266199240112069
baseline,1,8,Pleural_Thickening,0.41401162778424827
baseline,1,8,Hernia,0.7547550892035044
baseline,1,9,Atelectasis,0.6011570259430902
baseline,1,9,Cardiomegaly,0.8164147046593008
baseline,1,9,Effusion,0.5770264822421804
baseline,1,9,Infiltration,0.6885207731192516
baseline,1,9,Mass,0.6308629927949477
baseline,1,9,Nodule,0.56924735542108
baseline,1,9,Pneumonia,0.6598698135058505
baseline,1,9,Pneumothorax,0.6875564371554994
baseline,1,9,Consolidation,0.6980160215409135
baseline,1,9,Edema,0.7320120899140802
baseline,1,9,Emphysema,0.4334143374120143
baseline,1,9,Fibrosis,0.5354189365314959
baseline,1,9,Pleural_Thickening,0.6999032443154559
baseline,1,9,Hernia,0.3532417747714075
baseline,1,10,Atelectasis,0.5725005245127245
baseline,1,10,Cardiomegaly,0.7768188342333107
baseline,1,10,Effusion,0.7392832151075486
baseline,1,10,Infiltration,0.6735328200222817
baseline,1,10,Mass,0.46071195229972894
baseline,1,10,Nodule,0.5431991561465779
baseline,1,10,Pneumonia,0.6533653456979204
baseline,1,10,Pneumothorax,0.5324496452077498
baseline,1,10,Consolidation,0.5131977017557944
baseline,1,10,Edema,0.7735460936190537
baseline,1,10,Emphysema,0.6530781244965094
baseline,1,10,Fibrosis,0.5217168789318627
baseline,1,10,Pleural_Thickening,0.6192400125954485
baseline,1,10,Hernia,0.7281296436418003
baseline,1,11,Atelectasis,0.6837361207059394
baseline,1,11,Cardiomegaly,0.7533086330129377
baseline,1,11,Effusion,0.7249730142368433
baseline,1,11,Infiltration,0.6535378723285907
baseline,1,11,Mass,0.5099514699120363
baseline,1,11,Nodule,0.5167536882155292
baseline,1,11,Pneumonia,0.37201044341334266
baseline,1,11,Pneumothorax,0.5161322371552213
baseline,1,11,Consolidation,0.5055285239981961
baseline,1,11,Edema,0.7612661983048267
baseline,1,11,Emphysema,0.4015089139522807
baseline,1,11,Fibrosis,0.5071815211189366
baseline,1,11,Pleural_Thickening,0.5873799753479266
baseline,1,11,Hernia,0.7592736090725936
baseline,1,12,Atelectasis,0.5385943110911924
baseline,1,12,Cardiomegaly,0.5972306230322987
baseline,1,12,Effusion,0.6261669735354346
baseline,1,12,Infiltration,0.6396648132418491
baseline,1,12,Mass,0.6650737853852431
baseline,1,12,Nodule,0.46194298890215346
baseline,1,12,Pneumonia,0.6613530746512657
baseline,1,12,Pneumothorax,0.5618155142481036
baseline,1,12,Consolidation,0.6834015348734892
baseline,1,12,Edema,0.7815474564183574
baseline,1,12,Emphysema,0.6076513251789584
baseline,1,12,Fibrosis,0.6414145317945534
baseline,1,12,Pleural_Thickening,0.65732358742443
baseline,1,12,Hernia,0.5536369686306328
baseline,1,13,Atelectasis,0.622439520058114
baseline,1,13,Cardiomegaly,0.8161587869239997
baseline,1,13,Effusion,0.644689825418856
baseline,1,13,Infiltration,0.3543937598550455
baseline,1,13,Mass,0.671801558612632
baseline,1,13,Nodule,0.4762168643256216
baseline,1,13,Pneumonia,0.4931946202821966
baseline,1,13,Pneumothorax,0.5996151763881251
baseline,1,13,Consolidation,0.37123689386496594
baseline,1,13,Edema,0.7673525870729065
baseline,1,13,Emphysema,0.595260755456163
baseline,1,13,Fibrosis,0.5640187080260592
baseline,1,13,Pleural_Thickening,0.47623660995673706
baseline,1,13,Hernia,0.7859428131239004
baseline,1,14,Atelectasis,0.6533013185497614
baseline,1,14,Cardiomegaly,0.699868013574548
baseline,1,14,Effusion,0.5447624795543292
baseline,1,14,Infiltration,0.5329319496007463
baseline,1,14,Mass,0.629435893381193
baseline,1,14,Nodule,0.5819784189848618
baseline,1,14,Pneumonia,0.5978927172050449
baseline,1,14,Pneumothorax,0.7323427579418245
baseline,1,14,Consolidation,0.7056871570157577
baseline,1,14,Edema,0.7379979119811311
baseline,1,14,Emphysema,0.4462138978893075
baseline,1,14,Fibrosis,0.511296491971017
baseline,1,14,Pleural_Thickening,0.5398433204069342
baseline,1,14,Hernia,0.4887873428568824
baseline,1,15,Atelectasis,0.5774725963026611
baseline,1,15,Cardiomegaly,0.637747892654753
baseline,1,15,Effusion,0.6500842968020122
baseline,1,15,Infiltration,0.6540972570056139
baseline,1,15,Mass,0.6296877266931604
baseline,1,15,Nodule,0.46614958515534743
baseline,1,15,Pneumonia,0.648229120458664
baseline,1,15,Pneumothorax,0.4605959161438963
baseline,1,15,Consolidation,0.6147920481464066
baseline,1,15,Edema,0.7766411160055521
baseline,1,15,Emphysema,0.5478204603211758
baseline,1,15,Fibrosis,0.48653992426703063
baseline,1,15,Pleural_Thickening,0.6458544269706032
baseline,1,15,Hernia,0.40903726764697834
baseline,1,16,Atelectasis,0.6375053443723089
baseline,1,16,Cardiomegaly,0.748948649133848
baseline,1,16,Effusion,0.7558782956948976
baseline,1,16,Infiltration,0.6417405070115256
baseline,1,16,Mass,0.640063460651249
baseline,1,16,Nodule,0.5190104116669146
baseline,1,16,Pneumonia,0.5197248404508498
baseline,1,16,Pneumothorax,0.6447982989673811
baseline,1,16,Consolidation,0.7176236834206718
baseline,1,16,Edema,0.8131911304113485
baseline,1,16,Emphysema,0.5596957543410391
baseline,1,16,Fibrosis,0.5522140861130185
baseline,1,16,Pleural_Thickening,0.5483441210751613
baseline,1,16,Hernia,0.7691586974556262
baseline,1,17,Atelectasis,0.5427251127099371
baseline,1,17,Cardiomegaly,0.8407082582441076
baseline,1,17,Effusion,0.7909138887260887
baseline,1,17,Infiltration,0.4607423010731856
baseline,1,17,Mass,0.6589382210521709
baseline,1,17,Nodule,0.47439282624869183
baseline,1,17,Pneumonia,0.5735982178416585
baseline,1,17,Pneumothorax,0.37900632315414307
baseline,1,17,Consolidation,0.6528456115219422
baseline,1,17,Edema,0.7650113767449911
baseline,1,17,Emphysema,0.6923149317302634
baseline,1,17,Fibrosis,0.6280500701916439
baseline,1,17,Pleural_Thickening,0.5540897657902769
baseline,1,17,Hernia,0.4128656796696234
baseline,1,18,Atelectasis,0.6401067744332087
baseline,1,18,Cardiomegaly,0.5869782953918445
baseline,1,18,Effusion,0.7351932042837139
baseline,1,18,Infiltration,0.41831941193391603
baseline,1,18,Mass,0.5622247777111639
baseline,1,18,Nodule,0.48042651906171197
baseline,1,18,Pneumonia,0.6309202817289554
baseline,1,18,Pneumothorax,0.6331237451648526
baseline,1,18,Consolidation,0.7112360111545863
baseline,1,18,Edema,0.7729556860171752
baseline,1,18,Emphysema,0.5841097038400623
baseline,1,18,Fibrosis,0.49278435381887764
baseline,1,18,Pleural_Thickening,0.6231436391679519
baseline,1,18,Hernia,0.45345053923222084
baseline,1,19,Atelectasis,0.5665567188511903
baseline,1,19,Cardiomegaly,0.7411221050641086
baseline,1,19,Effusion,0.6793586103706947
baseline,1,19,Infiltration,0.6804225641310201
baseline,1,19,Mass,0.5807390480096293
baseline,1,19,Nodule,0.618511213285001
baseline,1,19,Pneumonia,0.6386303399361984
baseline,1,19,Pneumothorax,0.6179757315833626
baseline,1,19,Consolidation,0.3141877506442801
baseline,1,19,Edema,0.7924011450143345
baseline,1,19,Emphysema,0.6870326276682367
baseline,1,19,Fibrosis,0.549508155981228
baseline,1,19,Pleural_Thickening,0.4937702548560402
baseline,1,19,Hernia,0.835359366595863
baseline,2,0,Atelectasis,0.5390021826808024
baseline,2,0,Cardiomegaly,0.6925546589366035
baseline,2,0,Effusion,0.7213736103085594
baseline,2,0,Infiltration,0.3612068326165865
baseline,2,0,Mass,0.5475264969520924
baseline,2,0,Nodule,0.5367119597141774
baseline,2,0,Pneumonia,0.6342719741425864
baseline,2,0,Pneumothorax,0.5562286582399945
baseline,2,0,Consolidation,0.6253628292975977
baseline,2,0,Edema,0.762148797088605
baseline,2,0,Emphysema,0.6434967034863517
baseline,2,0,Fibrosis,0.5656036732637219
baseline,2,0,Pleural_Thickening,0.6956511176707336
baseline,2,0,Hernia,0.4403765509193841
baseline,2,1,Atelectasis,0.47547773703981433
baseline,2,1,Cardiomegaly,0.621492082015875
baseline,2,1,Effusion,0.52325613669522
baseline,2,1,Infiltration,0.5479662304806951
baseline,2,1,Mass,0.6829267833387196
baseline,2,1,Nodule,0.5442856243670514
baseline,2,1,Pneumonia,0.6643275478665439
baseline,2,1,Pneumothorax,0.5448633362359695
baseline,2,1,Consolidation,0.6923690266890148
baseline,2,1,Edema,0.38290821809609055
baseline,2,1,Emphysema,0.5853303845125449
baseline,2,1,Fibrosis,0.6236591294591566
baseline,2,1,Pleural_Thickening,0.5115057618165781
baseline,2,1,Hernia,0.750124438204808
baseline,2,2,Atelectasis,0.5905423683634313
baseline,2,2,Cardiomegaly,0.7558588284543755
baseline,2,2,Effusion,0.769038051412785
baseline,2,2,Infiltration,0.6699402209532106
baseline,2,2,Mass,0.6564264608347143
baseline,2,2,Nodule,0.5131105339059945
baseline,2,2,Pneumonia,0.5462510311917285
baseline,2,2,Pneumothorax,0.6643372486330843
baseline,2,2,Consolidation,0.7126476874667753
baseline,2,2,Edema,0.7774986497989214
baseline,2,2,Emphysema,0.7517470553393782
baseline,2,2,Fibrosis,0.47811002888524334
baseline,2,2,Pleural_Thickening,0.566950565154737
baseline,2,2,Hernia,0.699125969751944
baseline,2,3,Atelectasis,0.6018835818026601
baseline,2,3,Cardiomegaly,0.8260141941663495
baseline,2,3,Effusion,0.4613448244691918
baseline,2,3,Infiltration,0.6567889373049816
baseline,2,3,Mass,0.6261684892956689
baseline,2,3,Nodule,0.544839004158997
baseline,2,3,Pneumonia,0.593470887923985
baseline,2,3,Pneumothorax,0.6543758201760842
baseline,2,3,Consolidation,0.3596605063444519
baseline,2,3,Edema,0.6445381874111963
baseline,2,3,Emphysema,0.6707360440843008
baseline,2,3,Fibrosis,0.5116095562965308
baseline,2,3,Pleural_Thickening,0.5627795124963242
baseline,2,3,Hernia,0.6966675175261866
baseline,2,4,Atelectasis,0.6226258138043986
baseline,2,4,Cardiomegaly,0.8226936520158785
baseline,2,4,Effusion,0.6972453450968389
baseline,2,4,Infiltration,0.6694762419507052
baseline,2,4,Mass,0.6792163080708714
baseline,2,4,Nodule,0.5074313166905087
baseline,2,4,Pneumonia,0.6417367049570236
baseline,2,4,Pneumothorax,0.7619100715148136
baseline,2,4,Consolidation,0.6815162879178842
baseline,2,4,Edema,0.794490500390545
baseline,2,4,Emphysema,0.6562530629500004
baseline,2,4,Fibrosis,0.609133776182534
baseline,2,4,Pleural_Thickening,0.523882263970674
baseline,2,4,Hernia,0.6368651600375594
baseline,2,5,Atelectasis,0.5395310136758946
baseline,2,5,Cardiomegaly,0.5768748081332106
baseline,2,5,Effusion,0.6329415699937425
baseline,2,5,Infiltration,0.6724342377246575
baseline,2,5,Mass,0.5923886655914614
baseline,2,5,Nodule,0.5561714671868864
baseline,2,5,Pneumonia,0.6109225914545191
baseline,2,5,Pneumothorax,0.6529812375375578
baseline,2,5,Consolidation,0.7090929131446579
baseline,2,5,Edema,0.5168032496847705
baseline,2,5,Emphysema,0.6370450222892213
baseline,2,5,Fibrosis,0.6284391964027525
baseline,2,5,Pleural_Thickening,0.6448981224502705
baseline,2,5,Hernia,0.7548380480067096
baseline,2,6,Atelectasis,0.6451457384210596
baseline,2,6,Cardiomegaly,0.7745145829820503
baseline,2,6,Effusion,0.7496798497401866
baseline,2,6,Infiltration,0.3438986738078015
baseline,2,6,Mass,0.6710187115653141
baseline,2,6,Nodule,0.4852138415421601
baseline,2,6,Pneumonia,0.5663161784043538
baseline,2,6,Pneumothorax,0.5995385700293636
baseline,2,6,Consolidation,0.5737242025864341
baseline,2,6,Edema,0.7293894681029375
baseline,2,6,Emphysema,0.6713043782491074
baseline,2,6,Fibrosis,0.5723692980424457
baseline,2,6,Pleural_Thickening,0.5561670809633235
baseline,2,6,Hernia,0.7761249578368721
baseline,2,7,Atelectasis,0.5628117806739981
baseline,2,7,Cardiomegaly,0.771228080560157
baseline,2,7,Effusion,0.7362440690072688
baseline,2,7,Infiltration,0.6490615941016444
baseline,2,7,Mass,0.49126632814461074
baseline,2,7,Nodule,0.5419298728938201
baseline,2,7,Pneumonia,0.6285458694587722
baseline,2,7,Pneumothorax,0.7336209869513917
baseline,2,7,Consolidation,0.6800118459269576
baseline,2,7,Edema,0.7759912228713655
baseline,2,7,Emphysema,0.5119503823849789
baseline,2,7,Fibrosis,0.6252134872113245
baseline,2,7,Pleural_Thickening,0.6728363576685168
baseline,2,7,Hernia,0.3145205254665293
baseline,2,8,Atelectasis,0.5893000593092601
baseline,2,8,Cardiomegaly,0.8017807297606735
baseline,2,8,Effusion,0.7170400057812426
baseline,2,8,Infiltration,0.6345114708833453
baseline,2,8,Mass,0.6443142332791125
baseline,2,8,Nodule,0.45518396016426266
baseline,2,8,Pneumonia,0.4025009794747425
baseline,2,8,Pneumothorax,0.667228825721802
baseline,2,8,Consolidation,0.6901745762497853
baseline,2,8,Edema,0.7487151234571283
baseline,2,8,Emphysema,0.41800404670653135
baseline,2,8,Fibrosis,0.6534023417924201
baseline,2,8,Pleural_Thickening,0.65664064821407
baseline,2,8,Hernia,0.688392376906457
baseline,2,9,Atelectasis,0.5770899920621714
baseline,2,9,Cardiomegaly,0.7749687702176441
baseline,2,9,Effusion,0.7830664238785338
baseline,2,9,Infiltration,0.4827872300711767
baseline,2,9,Mass,0.6230365973438182
baseline,2,9,Nodule,0.5429940964340685
baseline,2,9,Pneumonia,0.39461236724924276
baseline,2,9,Pneumothorax,0.560703662500676
baseline,2,9,Consolidation,0.7048123701781511
baseline,2,9,Edema,0.7520582322827875
baseline,2,9,Emphysema,0.656905428127086
baseline,2,9,Fibrosis,0.6391643334169329
baseline,2,9,Pleural_Thickening,0.6793519905828236
baseline,2,9,Hernia,0.46589094108101703
baseline,2,10,Atelectasis,0.5332937774281071
baseline,2,10,Cardiomegaly,0.5560663887982328
baseline,2,10,Effusion,0.4601926567554063
baseline,2,10,Infiltration,0.6795152340395287
baseline,2,10,Mass,0.6468217355033442
baseline,2,10,Nodule,0.6170383224565714
baseline,2,10,Pneumonia,0.6505636341984731
baseline,2,10,Pneumothorax,0.6395105620311461
baseline,2,10,Consolidation,0.6664283001117983
baseline,2,10,Edema,0.7189163773639474
baseline,2,10,Emphysema,0.6225930323747351
baseline,2,10,Fibrosis,0.4892265762512409
baseline,2,10,Pleural_Thickening,0.670977541539774
baseline,2,10,Hernia,0.6233832149726966
baseline,2,11,Atelectasis,0.5096468593470804
baseline,2,11,Cardiomegaly,0.5873102637924499
baseline,2,11,Effusion,0.7197197620930035
baseline,2,11,Infiltration,0.6707438446608359
baseline,2,11,Mass,0.7021135406967238
baseline,2,11,Nodule,0.64369447873672
baseline,2,11,Pneumonia,0.6588199676854283
baseline,2,11,Pneumothorax,0.6869013844699119
baseline,2,11,Consolidation,0.6698527066831022
baseline,2,11,Edema,0.7739686271330714
baseline,2,11,Emphysema,0.6050512738530178
baseline,2,11,Fibrosis,0.5505894681926554
baseline,2,11,Pleural_Thickening,0.6016375478317736
baseline,2,11,Hernia,0.7684430638235804
baseline,2,12,Atelectasis,0.5520936144215915
baseline,2,12,Cardiomegaly,0.6289200275384265
baseline,2,12,Effusion,0.5492220155923758
baseline,2,12,Infiltration,0.6895674686358306
baseline,2,12,Mass,0.6380819225422335
baseline,2,12,Nodule,0.5882229415054352
baseline,2,12,Pneumonia,0.5719860869615273
baseline,2,12,Pneumothorax,0.5675088320676198
baseline,2,12,Consolidation,0.7258538803867198
baseline,2,12,Edema,0.7634113145207142
baseline,2,12,Emphysema,0.6081881453804843
baseline,2,12,Fibrosis,0.48304354440163966
baseline,2,12,Pleural_Thickening,0.5834532001129598
baseline,2,12,Hernia,0.5131024769128385
baseline,2,13,Atelectasis,0.6430198715743594
baseline,2,13,Cardiomegaly,0.6690171496538645
baseline,2,13,Effusion,0.7291232685545141
baseline,2,13,Infiltration,0.5879774423583964
baseline,2,13,Mass,0.6115958613169448
baseline,2,13,Nodule,0.4836123402228616
baseline,2,13,Pneumonia,0.4045964977796773
baseline,2,13,Pneumothorax,0.6175309025207607
baseline,2,13,Consolidation,0.5481951990054333
baseline,2,13,Edema,0.7268442979885564
baseline,2,13,Emphysema,0.6259946547986973
baseline,2,13,Fibrosis,0.5548461928171083
baseline,2,13,Pleural_Thickening,0.40256831726648
baseline,2,13,Hernia,0.589594367917734
baseline,2,14,Atelectasis,0.6731116581922656
baseline,2,14,Cardiomegaly,0.7839334235541879
baseline,2,14,Effusion,0.7647578975421556
baseline,2,14,Infiltration,0.6034713146630717
baseline,2,14,Mass,0.5326832645081704
baseline,2,14,Nodule,0.5152133565541579
baseline,2,14,Pneumonia,0.6297546258370507
baseline,2,14,Pneumothorax,0.6429476699942391
baseline,2,14,Consolidation,0.7229997834926903
baseline,2,14,Edema,0.5257708196624333
baseline,2,14,Emphysema,0.606503268509534
baseline,2,14,Fibrosis,0.6324750903035029
baseline,2,14,Pleural_Thickening,0.5076248008973524
baseline,2,14,Hernia,0.6909570346330213
baseline,2,15,Atelectasis,0.625152651207012
baseline,2,15,Cardiomegaly,0.8070372075782314
baseline,2,15,Effusion,0.7051764771913857
baseline,2,15,Infiltration,0.6829875337033151
baseline,2,15,Mass,0.5997399049817418
baseline,2,15,Nodule,0.4668453514619638
baseline,2,15,Pneumonia,0.6364262429435547
baseline,2,15,Pneumothorax,0.7608852088527595
baseline,2,15,Consolidation,0.6868295093555137
baseline,2,15,Edema,0.7384466498033034
baseline,2,15,Emphysema,0.5497363898044264
baseline,2,15,Fibrosis,0.6312989405698566
baseline,2,15,Pleural_Thickening,0.402402967121851
baseline,2,15,Hernia,0.44135450758024675
baseline,2,16,Atelectasis,0.7014537662924352
baseline,2,16,Cardiomegaly,0.6640930216344311
baseline,2,16,Effusion,0.7546201135815688
baseline,2,16,Infiltration,0.6843514196035194
baseline,2,16,Mass,0.6436293440646598
baseline,2,16,Nodule,0.5528957549002744
baseline,2,16,Pneumonia,0.5919525131936777
baseline,2,16,Pneumothorax,0.676331007869845
baseline,2,16,Consolidation,0.7170234751149233
baseline,2,16,Edema,0.782008354266471
baseline,2,16,Emphysema,0.5793693540671813
baseline,2,16,Fibrosis,0.5789705560557824
baseline,2,16,Pleural_Thickening,0.6649691934952331
baseline,2,16,Hernia,0.8113904260071291
baseline,2,17,Atelectasis,0.5994286791354544
baseline,2,17,Cardiomegaly,0.6059290609005261
baseline,2,17,Effusion,0.6037460328293052
baseline,2,17,Infiltration,0.645301649877037
baseline,2,17,Mass,0.7025380926071066
baseline,2,17,Nodule,0.4960767374900789
baseline,2,17,Pneumonia,0.6272197919735957
baseline,2,17,Pneumothorax,0.5405925092350221
baseline,2,17,Consolidation,0.6907111066164703
baseline,2,17,Edema,0.7861527321168195
baseline,2,17,Emphysema,0.567242135035167
baseline,2,17,Fibrosis,0.6218777738033728
baseline,2,17,Pleural_Thickening,0.6014390131671524
baseline,2,17,Hernia,0.517579517380325
baseline,2,18,Atelectasis,0.6210922606300961
baseline,2,18,Cardiomegaly,0.8143482547611856
baseline,2,18,Effusion,0.7583183135586752
baseline,2,18,Infiltration,0.3615632130968517
baseline,2,18,Mass,0.5124433914793693
baseline,2,18,Nodule,0.5719124248914347
baseline,2,18,Pneumonia,0.6415895229121538
baseline,2,18,Pneumothorax,0.47070768550042
baseline,2,18,Consolidation,0.6939593533880035
baseline,2,18,Edema,0.512710250682769
baseline,2,18,Emphysema,0.6847252380060339
baseline,2,18,Fibrosis,0.6091162339818923
baseline,2,18,Pleural_Thickening,0.4786280421036603
baseline,2,18,Hernia,0.5867557638135524
baseline,2,19,Atelectasis,0.521009814458808
baseline,2,19,Cardiomegaly,0.6533059937421057
baseline,2,19,Effusion,0.7244690472404554
baseline,2,19,Infiltration,0.4955438248566954
baseline,2,19,Mass,0.6746130815531163
baseline,2,19,Nodule,0.5887184028838769
baseline,2,19,Pneumonia,0.5685842425629175
baseline,2,19,Pneumothorax,0.4559540273483801
baseline,2,19,Consolidation,0.39731316629719104
baseline,2,19,Edema,0.7738607644164776
baseline,2,19,Emphysema,0.6698002772706025
baseline,2,19,Fibrosis,0.5738980277358637
baseline,2,19,Pleural_Thickening,0.5607826809650266
baseline,2,19,Hernia,0.8043074763202757
baseline,4,0,Atelectasis,0.4446976440540564
baseline,4,0,Cardiomegaly,0.6652696520506619
baseline,4,0,Effusion,0.6665187485791436
baseline,4,0,Infiltration,0.6645129215971005
baseline,4,0,Mass,0.5372150407001781
baseline,4,0,Nodule,0.5234632671963394
baseline,4,0,Pneumonia,0.6709651306991669
baseline,4,0,Pneumothorax,0.507876488589678
baseline,4,0,Consolidation,0.7011286645368093
baseline,4,0,Edema,0.7700378056302015
baseline,4,0,Emphysema,0.445965109337957
baseline,4,0,Fibrosis,0.5766868721753744
baseline,4,0,Pleural_Thickening,0.5821600235193273
baseline,4,0,Hernia,0.7756611634288423
baseline,4,1,Atelectasis,0.4838364877001783
baseline,4,1,Cardiomegaly,0.7534982638594233
baseline,4,1,Effusion,0.7095370838872015
baseline,4,1,Infiltration,0.6631326022237605
baseline,4,1,Mass,0.5458959854056623
baseline,4,1,Nodule,0.47074838686230985
baseline,4,1,Pneumonia,0.4389431962212602
baseline,4,1,Pneumothorax,0.6029945698094364
baseline,4,1,Consolidation,0.7216609829153838
baseline,4,1,Edema,0.772676903728746
baseline,4,1,Emphysema,0.6046714073773815
baseline,4,1,Fibrosis,0.5377800984647376
baseline,4,1,Pleural_Thickening,0.660027794853047
baseline,4,1,Hernia,0.6931226240507598
baseline,4,2,Atelectasis,0.604656560628936
baseline,4,2,Cardiomegaly,0.6460680032539311
baseline,4,2,Effusion,0.7350712767018995
baseline,4,2,Infiltration,0.6439414209914216
baseline,4,2,Mass,0.663721914516576
baseline,4,2,Nodule,0.5905628479811403
baseline,4,2,Pneumonia,0.5413428283920676
baseline,4,2,Pneumothorax,0.7470254879165599
baseline,4,2,Consolidation,0.7096532488896905
baseline,4,2,Edema,0.7458313349627037
baseline,4,2,Emphysema,0.6827564367550043
baseline,4,2,Fibrosis,0.7035887048328305
baseline,4,2,Pleural_Thickening,0.6795805254846559
baseline,4,2,Hernia,0.38986717475135146
baseline,4,3,Atelectasis,0.6352484808740857
baseline,4,3,Cardiomegaly,0.6853514900419205
baseline,4,3,Effusion,0.7250356877720441
baseline,4,3,Infiltration,0.6851170246347923
baseline,4,3,Mass,0.5949015892605879
baseline,4,3,Nodule,0.5846360221587343
baseline,4,3,Pneumonia,0.6623861551739831
baseline,4,3,Pneumothorax,0.6772183178133798
baseline,4,3,Consolidation,0.6990868581221461
baseline,4,3,Edema,0.7616620235816862
baseline,4,3,Emphysema,0.6709352840227678
baseline,4,3,Fibrosis,0.5753472693326244
baseline,4,3,Pleural_Thickening,0.5005505410257447
baseline,4,3,Hernia,0.7713600685549671
baseline,4,4,Atelectasis,0.623365590951299
baseline,4,4,Cardiomegaly,0.8005023424863524
baseline,4,4,Effusion,0.7261889730997908
baseline,4,4,Infiltration,0.48901206930696794
baseline,4,4,Mass,0.5434527129102162
baseline,4,4,Nodule,0.5259260141678694
baseline,4,4,Pneumonia,0.5648159360990319
baseline,4,4,Pneumothorax,0.698563436455054
baseline,4,4,Consolidation,0.5745618623011194
baseline,4,4,Edema,0.7815727843282463
baseline,4,4,Emphysema,0.7137469844702997
baseline,4,4,Fibrosis,0.623506731591082
baseline,4,4,Pleural_Thickening,0.6302510835595516
baseline,4,4,Hernia,0.5331001066613184
baseline,4,5,Atelectasis,0.6850851566376814
baseline,4,5,Cardiomegaly,0.8435743271108455
baseline,4,5,Effusion,0.7579962305444429
baseline,4,5,Infiltration,0.6505705597746466
baseline,4,5,Mass,0.6179717683774507
baseline,4,5,Nodule,0.5732250409354804
baseline,4,5,Pneumonia,0.6164841371861858
baseline,4,5,Pneumothorax,0.6812853193727524
baseline,4,5,Consolidation,0.7021113806737165
baseline,4,5,Edema,0.7622889989012157
baseline,4,5,Emphysema,0.7070261277266159
baseline,4,5,Fibrosis,0.659313606580518
baseline,4,5,Pleural_Thickening,0.5164879657903556
baseline,4,5,Hernia,0.8262049538256772
baseline,4,6,Atelectasis,0.5966282328285235
baseline,4,6,Cardiomegaly,0.5653008999494
baseline,4,6,Effusion,0.7596464234446126
baseline,4,6,Infiltration,0.6132819595699949
baseline,4,6,Mass,0.6389587812822168
baseline,4,6,Nodule,0.5952609347253183
baseline,4,6,Pneumonia,0.41842484631510635
baseline,4,6,Pneumothorax,0.7009668453930189
baseline,4,6,Consolidation,0.6905321782106534
baseline,4,6,Edema,0.7748499551393637
baseline,4,6,Emphysema,0.765464665360729
baseline,4,6,Fibrosis,0.6343854085436913
baseline,4,6,Pleural_Thickening,0.6713212830770505
baseline,4,6,Hernia,0.7736993244783168
baseline,4,7,Atelectasis,0.637772489536154
baseline,4,7,Cardiomegaly,0.8134387551673166
baseline,4,7,Effusion,0.7152058218377338
baseline,4,7,Infiltration,0.4683565749276356
baseline,4,7,Mass,0.5469643698803328
baseline,4,7,Nodule,0.4983802248879343
baseline,4,7,Pneumonia,0.6618309216128793
baseline,4,7,Pneumothorax,0.5917596905243833
baseline,4,7,Consolidation,0.7133780202566973
baseline,4,7,Edema,0.724780949730891
baseline,4,7,Emphysema,0.6554380125383008
baseline,4,7,Fibrosis,0.6847410720934195
baseline,4,7,Pleural_Thickening,0.549027668519311
baseline,4,7,Hernia,0.49191379577548255
baseline,4,8,Atelectasis,0.594395516115533
baseline,4,8,Cardiomegaly,0.8184424045694779
baseline,4,8,Effusion,0.7255127910200108
baseline,4,8,Infiltration,0.6434609035498049
baseline,4,8,Mass,0.6313105978404802
baseline,4,8,Nodule,0.5519465071855457
baseline,4,8,Pneumonia,0.6251623373703163
baseline,4,8,Pneumothorax,0.6312149271045047
baseline,4,8,Consolidation,0.691765389482054
baseline,4,8,Edema,0.7877264147532885
baseline,4,8,Emphysema,0.7136861408646529
baseline,4,8,Fibrosis,0.45414413932892855
baseline,4,8,Pleural_Thickening,0.6271486976694878
baseline,4,8,Hernia,0.8254738223952304
baseline,4,9,Atelectasis,0.6033515409933086
baseline,4,9,Cardiomegaly,0.6912034819457665
baseline,4,9,Effusion,0.6752639752909293
baseline,4,9,Infiltration,0.6698471161328774
baseline,4,9,Mass,0.5887133097719577
baseline,4,9,Nodule,0.5592585301923279
baseline,4,9,Pneumonia,0.5981688049616647
baseline,4,9,Pneumothorax,0.6960523220693977
baseline,4,9,Consolidation,0.7039455068825347
baseline,4,9,Edema,0.7453286548272564
baseline,4,9,Emphysema,0.5314763070817663
baseline,4,9,Fibrosis,0.5946749370833442
baseline,4,9,Pleural_Thickening,0.5192901167483293
baseline,4,9,Hernia,0.5027390079585753
baseline,4,10,Atelectasis,0.5787461923204942
baseline,4,10,Cardiomegaly,0.766035734735432
baseline,4,10,Effusion,0.714435242391602
baseline,4,10,Infiltration,0.6810725008558506
baseline,4,10,Mass,0.5709035634341677
baseline,4,10,Nodule,0.5173038553153567
baseline,4,10,Pneumonia,0.6116778573229993
baseline,4,10,Pneumothorax,0.7135822427720391
baseline,4,10,Consolidation,0.6891424306484457
baseline,4,10,Edema,0.7704890850073454
baseline,4,10,Emphysema,0.7058849040610783
baseline,4,10,Fibrosis,0.679469503752158
baseline,4,10,Pleural_Thickening,0.6627681385244585
baseline,4,10,Hernia,0.8614314495911317
baseline,4,11,Atelectasis,0.5715092695982832
baseline,4,11,Cardiomegaly,0.7708761841391799
baseline,4,11,Effusion,0.679390421355228
baseline,4,11,Infiltration,0.6539532184952938
baseline,4,11,Mass,0.6323907487696678
baseline,4,11,Nodule,0.5356189376017829
baseline,4,11,Pneumonia,0.5809964990748505
baseline,4,11,Pneumothorax,0.7843391091784204
baseline,4,11,Consolidation,0.684192707491674
baseline,4,11,Edema,0.724030533715589
baseline,4,11,Emphysema,0.7218553517299952
baseline,4,11,Fibrosis,0.6564614914433805
baseline,4,11,Pleural_Thickening,0.7050411382501449
baseline,4,11,Hernia,0.41460667499293485
baseline,4,12,Atelectasis,0.528207483281426
baseline,4,12,Cardiomegaly,0.6786012116312665
baseline,4,12,Effusion,0.7523672089028841
baseline,4,12,Infiltration,0.6620634523856869
baseline,4,12,Mass,0.6665664938777014
baseline,4,12,Nodule,0.5057861613107105
baseline,4,12,Pneumonia,0.408216686795817
baseline,4,12,Pneumothorax,0.7042264406401355
baseline,4,12,Consolidation,0.45836755573673127
baseline,4,12,Edema,0.7381056870578983
baseline,4,12,Emphysema,0.6248844223529735
baseline,4,12,Fibrosis,0.7000274553713167
baseline,4,12,Pleural_Thickening,0.6239450408534537
baseline,4,12,Hernia,0.742485846863519
baseline,4,13,Atelectasis,0.5514084510987901
baseline,4,13,Cardiomegaly,0.7325785336585027
baseline,4,13,Effusion,0.7185731670690145
baseline,4,13,Infiltration,0.6210202612211819
baseline,4,13,Mass,0.6452060129869033
baseline,4,13,Nodule,0.618314840691979
baseline,4,13,Pneumonia,0.6389862967076337
baseline,4,13,Pneumothorax,0.6979188319506198
baseline,4,13,Consolidation,0.6879944322058156
baseline,4,13,Edema,0.7681007901825866
baseline,4,13,Emphysema,0.6474711220639973
baseline,4,13,Fibrosis,0.5316837269136188
baseline,4,13,Pleural_Thickening,0.5702050631598912
baseline,4,13,Hernia,0.785595708021478
baseline,4,14,Atelectasis,0.6530146865066054
baseline,4,14,Cardiomegaly,0.8096723593170436
baseline,4,14,Effusion,0.7415558523373162
baseline,4,14,Infiltration,0.6471151092492591
baseline,4,14,Mass,0.5608749938588943
baseline,4,14,Nodule,0.49853431845268315
baseline,4,14,Pneumonia,0.6538429767973317
baseline,4,14,Pneumothorax,0.5526855711927364
baseline,4,14,Consolidation,0.6926173092554962
baseline,4,14,Edema,0.7523965877433512
baseline,4,14,Emphysema,0.6797129122751704
baseline,4,14,Fibrosis,0.5059243300729508
baseline,4,14,Pleural_Thickening,0.6150003726326423
baseline,4,14,Hernia,0.4771706034113389
baseline,4,15,Atelectasis,0.5804304476722424
baseline,4,15,Cardiomegaly,0.8029155208690616
baseline,4,15,Effusion,0.7215273796349245
baseline,4,15,Infiltration,0.631885448901018
baseline,4,15,Mass,0.6090788115924117
baseline,4,15,Nodule,0.5480048552259411
baseline,4,15,Pneumonia,0.6330234271650349
baseline,4,15,Pneumothorax,0.5637668123057483
baseline,4,15,Consolidation,0.7001027511951052
baseline,4,15,Edema,0.7930456921190981
baseline,4,15,Emphysema,0.6843062777868489
baseline,4,15,Fibrosis,0.6147078104364218
baseline,4,15,Pleural_Thickening,0.6426685878267588
baseline,4,15,Hernia,0.5395736282169328
baseline,4,16,Atelectasis,0.5486669983809082
baseline,4,16,Cardiomegaly,0.8030539872383627
baseline,4,16,Effusion,0.7406104534596633
baseline,4,16,Infiltration,0.6191625481936581
baseline,4,16,Mass,0.665354657011569
baseline,4,16,Nodule,0.5999527759960187
baseline,4,16,Pneumonia,0.49911679979967993
baseline,4,16,Pneumothorax,0.6152701599373535
baseline,4,16,Consolidation,0.6995441878213075
baseline,4,16,Edema,0.7484410079894657
baseline,4,16,Emphysema,0.7377016851643798
baseline,4,16,Fibrosis,0.4654406312999456
baseline,4,16,Pleural_Thickening,0.6138654262704546
baseline,4,16,Hernia,0.421765746218993
baseline,4,17,Atelectasis,0.6134536909140158
baseline,4,17,Cardiomegaly,0.7184645942771378
baseline,4,17,Effusion,0.715970638907296
baseline,4,17,Infiltration,0.636831449868653
baseline,4,17,Mass,0.6807625353401443
baseline,4,17,Nodule,0.5245897912621404
baseline,4,17,Pneumonia,0.36459313032932295
baseline,4,17,Pneumothorax,0.6846843900655387
baseline,4,17,Consolidation,0.7033089591744132
baseline,4,17,Edema,0.7610102461912278
baseline,4,17,Emphysema,0.6632222788486157
baseline,4,17,Fibrosis,0.6337875575546356
baseline,4,17,Pleural_Thickening,0.5900861684809744
baseline,4,17,Hernia,0.46652316009225747
baseline,4,18,Atelectasis,0.606164409160894
baseline,4,18,Cardiomegaly,0.6417025081806907
baseline,4,18,Effusion,0.6685002422453894
baseline,4,18,Infiltration,0.6714704401369468
baseline,4,18,Mass,0.4436966035655259
baseline,4,18,Nodule,0.6595637513644624
baseline,4,18,Pneumonia,0.6325764125213029
baseline,4,18,Pneumothorax,0.6174387752538962
baseline,4,18,Consolidation,0.6376414928555483
baseline,4,18,Edema,0.8041888331523938
baseline,4,18,Emphysema,0.6725859398660559
baseline,4,18,Fibrosis,0.634654114856645
baseline,4,18,Pleural_Thickening,0.626410409184273
baseline,4,18,Hernia,0.7962470257901598
baseline,4,19,Atelectasis,0.532386598968756
baseline,4,19,Cardiomegaly,0.7498505017074595
baseline,4,19,Effusion,0.7666921950885603
baseline,4,19,Infiltration,0.5628887981721611
baseline,4,19,Mass,0.7074410218761539
baseline,4,19,Nodule,0.5369042329120569
baseline,4,19,Pneumonia,0.5941758578993515
baseline,4,19,Pneumothorax,0.688492068914141
baseline,4,19,Consolidation,0.714449876240993
baseline,4,19,Edema,0.7703626864674249
baseline,4,19,Emphysema,0.40936684975258736
baseline,4,19,Fibrosis,0.5281755151993575
baseline,4,19,Pleural_Thickening,0.4053707902305774
baseline,4,19,Hernia,0.770734458898927
baseline,8,0,Atelectasis,0.6101545458482336
baseline,8,0,Cardiomegaly,0.7006009261170838
baseline,8,0,Effusion,0.759308022241215
baseline,8,0,Infiltration,0.6768963455449013
baseline,8,0,Mass,0.6394009648828546
baseline,8,0,Nodule,0.5283083024779957
baseline,8,0,Pneumonia,0.6452145328508094
baseline,8,0,Pneumothorax,0.7713881754571161
baseline,8,0,Consolidation,0.709938554321962
baseline,8,0,Edema,0.784124242600186
baseline,8,0,Emphysema,0.6065584179452754
baseline,8,0,Fibrosis,0.6816928863178602
baseline,8,0,Pleural_Thickening,0.498011182843342
baseline,8,0,Hernia,0.7380817372120372
baseline,8,1,Atelectasis,0.6976786480500555
baseline,8,1,Cardiomegaly,0.6945071853957704
baseline,8,1,Effusion,0.7828588450286131
baseline,8,1,Infiltration,0.6528673874643821
baseline,8,1,Mass,0.6452246522023157
baseline,8,1,Nodule,0.4429992598728406
baseline,8,1,Pneumonia,0.625823883066006
baseline,8,1,Pneumothorax,0.5746392616138651
baseline,8,1,Consolidation,0.6023474304034415
baseline,8,1,Edema,0.7790774812752034
baseline,8,1,Emphysema,0.6543357705998545
baseline,8,1,Fibrosis,0.6820653839846104
baseline,8,1,Pleural_Thickening,0.6473391793187344
baseline,8,1,Hernia,0.843515538821985
baseline,8,2,Atelectasis,0.6162223651351142
baseline,8,2,Cardiomegaly,0.8483742720980674
baseline,8,2,Effusion,0.7606959193473986
baseline,8,2,Infiltration,0.6683308322320582
baseline,8,2,Mass,0.6463499018766452
baseline,8,2,Nodule,0.5820063308539831
baseline,8,2,Pneumonia,0.6386395500568258
baseline,8,2,Pneumothorax,0.6916892287106854
baseline,8,2,Consolidation,0.6987383612840911
baseline,8,2,Edema,0.793981641647322
baseline,8,2,Emphysema,0.6756167878168213
baseline,8,2,Fibrosis,0.6117640098912429
baseline,8,2,Pleural_Thickening,0.6022544221190443
baseline,8,2,Hernia,0.8147447877257437
baseline,8,3,Atelectasis,0.5956966684392074
baseline,8,3,Cardiomegaly,0.8477935562355196
baseline,8,3,Effusion,0.7644458679269032
baseline,8,3,Infiltration,0.582224169065825
baseline,8,3,Mass,0.6968726347147494
baseline,8,3,Nodule,0.5942857413090445
baseline,8,3,Pneumonia,0.6208080369815125
baseline,8,3,Pneumothorax,0.5738295316653934
baseline,8,3,Consolidation,0.6975769020873783
baseline,8,3,Edema,0.6879135038731327
baseline,8,3,Emphysema,0.6191271498431826
baseline,8,3,Fibrosis,0.661575956586708
baseline,8,3,Pleural_Thickening,0.6372428025280629
baseline,8,3,Hernia,0.698671291695915
baseline,8,4,Atelectasis,0.6846453558099863
baseline,8,4,Cardiomegaly,0.8482973251485935
baseline,8,4,Effusion,0.735130371821757
baseline,8,4,Infiltration,0.6881098565167177
baseline,8,4,Mass,0.6818773019550978
baseline,8,4,Nodule,0.5863859755554224
baseline,8,4,Pneumonia,0.5896396576281565
baseline,8,4,Pneumothorax,0.7269319991952363
baseline,8,4,Consolidation,0.6828430294203198
baseline,8,4,Edema,0.7917554805017818
baseline,8,4,Emphysema,0.5909076092368621
baseline,8,4,Fibrosis,0.5863897648568507
baseline,8,4,Pleural_Thickening,0.6673286754789725
baseline,8,4,Hernia,0.47469847665758075
baseline,8,5,Atelectasis,0.5925688466594822
baseline,8,5,Cardiomegaly,0.7393595145694425
baseline,8,5,Effusion,0.7461532137594397
baseline,8,5,Infiltration,0.6222828591535974
baseline,8,5,Mass,0.6360409764319717
baseline,8,5,Nodule,0.6135977219596939
baseline,8,5,Pneumonia,0.6540706034895563
baseline,8,5,Pneumothorax,0.6066746123025246
baseline,8,5,Consolidation,0.7051551212898507
baseline,8,5,Edema,0.7799859118978733
baseline,8,5,Emphysema,0.7366528003983603
baseline,8,5,Fibrosis,0.6359222240952175
baseline,8,5,Pleural_Thickening,0.6720862980705501
baseline,8,5,Hernia,0.8340960681173821
baseline,8,6,Atelectasis,0.635159088573237
baseline,8,6,Cardiomegaly,0.7949699807733696
baseline,8,6,Effusion,0.7397856235963949
baseline,8,6,Infiltration,0.6203446960037555
baseline,8,6,Mass,0.6757778885842218
baseline,8,6,Nodule,0.5337338840761475
baseline,8,6,Pneumonia,0.6448414869883662
baseline,8,6,Pneumothorax,0.6908216860386199
baseline,8,6,Consolidation,0.7120043862133613
baseline,8,6,Edema,0.7660646540910819
baseline,8,6,Emphysema,0.7150698614905306
baseline,8,6,Fibrosis,0.5678730584232943
baseline,8,6,Pleural_Thickening,0.6879189098418272
baseline,8,6,Hernia,0.6977550983198564
baseline,8,7,Atelectasis,0.6184131836910454
baseline,8,7,Cardiomegaly,0.7793827218456832
baseline,8,7,Effusion,0.7368154414548488
baseline,8,7,Infiltration,0.6558918057076769
baseline,8,7,Mass,0.6778279743869833
baseline,8,7,Nodule,0.6728531294152831
baseline,8,7,Pneumonia,0.5692553581495716
baseline,8,7,Pneumothorax,0.6763539087774786
baseline,8,7,Consolidation,0.6898982137625669
baseline,8,7,Edema,0.7852848349139541
baseline,8,7,Emphysema,0.6641704234808299
baseline,8,7,Fibrosis,0.6861996786670851
baseline,8,7,Pleural_Thickening,0.6428303780147958
baseline,8,7,Hernia,0.7300406589299226
baseline,8,8,Atelectasis,0.657308618996157
baseline,8,8,Cardiomegaly,0.7236830086222918
baseline,8,8,Effusion,0.7454771649730678
baseline,8,8,Infiltration,0.6869169685879997
baseline,8,8,Mass,0.6472648666574039
baseline,8,8,Nodule,0.5270576142872171
baseline,8,8,Pneumonia,0.5891924990762897
baseline,8,8,Pneumothorax,0.6513498403686466
baseline,8,8,Consolidation,0.6770315747356241
baseline,8,8,Edema,0.7754727237472161
baseline,8,8,Emphysema,0.6920575925893497
baseline,8,8,Fibrosis,0.6762388608167995
baseline,8,8,Pleural_Thickening,0.7100793534002541
baseline,8,8,Hernia,0.7436080697947909
baseline,8,9,Atelectasis,0.6558928001898071
baseline,8,9,Cardiomegaly,0.725664788271172
baseline,8,9,Effusion,0.7383145155168087
baseline,8,9,Infiltration,0.6570682937523714
baseline,8,9,Mass,0.6473781532658784
baseline,8,9,Nodule,0.5242417410488422
baseline,8,9,Pneumonia,0.6460921566109059
baseline,8,9,Pneumothorax,0.7619973142365345
baseline,8,9,Consolidation,0.7188645633832967
baseline,8,9,Edema,0.7880651645930719
baseline,8,9,Emphysema,0.7148360458056203
baseline,8,9,Fibrosis,0.5597534407153564
baseline,8,9,Pleural_Thickening,0.7124465814201967
baseline,8,9,Hernia,0.8152088100425734
baseline,8,10,Atelectasis,0.6988088323884178
baseline,8,10,Cardiomegaly,0.7930791835026656
baseline,8,10,Effusion,0.7364728210024148
baseline,8,10,Infiltration,0.6445874487833219
baseline,8,10,Mass,0.6412257728581552
baseline,8,10,Nodule,0.5622442391868301
baseline,8,10,Pneumonia,0.5598910759327677
baseline,8,10,Pneumothorax,0.6173754234397457
baseline,8,10,Consolidation,0.5518650963689211
baseline,8,10,Edema,0.7642537742639077
baseline,8,10,Emphysema,0.714399237630928
baseline,8,10,Fibrosis,0.6926688219818391
baseline,8,10,Pleural_Thickening,0.6693863840569186
baseline,8,10,Hernia,0.8103504781526625
baseline,8,11,Atelectasis,0.6320445154116686
baseline,8,11,Cardiomegaly,0.8412205704616089
baseline,8,11,Effusion,0.7423635745043096
baseline,8,11,Infiltration,0.6701352309412689
baseline,8,11,Mass,0.6465592991885296
baseline,8,11,Nodule,0.5022310090636728
baseline,8,11,Pneumonia,0.638444734419336
baseline,8,11,Pneumothorax,0.6816413593500954
baseline,8,11,Consolidation,0.6661208226629055
baseline,8,11,Edema,0.7651120310858465
baseline,8,11,Emphysema,0.7248503917532886
baseline,8,11,Fibrosis,0.703969790868645
baseline,8,11,Pleural_Thickening,0.5879365271546512
baseline,8,11,Hernia,0.42157202373898056
baseline,8,12,Atelectasis,0.6770929943534649
baseline,8,12,Cardiomegaly,0.7926785635486263
baseline,8,12,Effusion,0.7229587252655112
baseline,8,12,Infiltration,0.5996984428289127
baseline,8,12,Mass,0.678778754288219
baseline,8,12,Nodule,0.5398221284013318
baseline,8,12,Pneumonia,0.6479080973869521
baseline,8,12,Pneumothorax,0.688871844344519
baseline,8,12,Consolidation,0.6856455422025338
baseline,8,12,Edema,0.7725825375454494
baseline,8,12,Emphysema,0.5446067455040982
baseline,8,12,Fibrosis,0.6149429855637738
baseline,8,12,Pleural_Thickening,0.649828304545807
baseline,8,12,Hernia,0.7847699944390254
baseline,8,13,Atelectasis,0.6198935237461085
baseline,8,13,Cardiomegaly,0.7330157105647456
baseline,8,13,Effusion,0.7113801062090078
baseline,8,13,Infiltration,0.6814397012288778
baseline,8,13,Mass,0.6896389399261684
baseline,8,13,Nodule,0.543832853241474
baseline,8,13,Pneumonia,0.6087456571223194
baseline,8,13,Pneumothorax,0.7456815834566265
baseline,8,13,Consolidation,0.6983774115108908
baseline,8,13,Edema,0.7690533474579522
baseline,8,13,Emphysema,0.6898687350082309
baseline,8,13,Fibrosis,0.44505403591674214
baseline,8,13,Pleural_Thickening,0.6071293801643297
baseline,8,13,Hernia,0.859733301122223
baseline,8,14,Atelectasis,0.6315860202986322
baseline,8,14,Cardiomegaly,0.7858331073870863
baseline,8,14,Effusion,0.7553493874511679
baseline,8,14,Infiltration,0.6723833082333095
baseline,8,14,Mass,0.6485879390986545
baseline,8,14,Nodule,0.5034626909678811
baseline,8,14,Pneumonia,0.5665536628038125
baseline,8,14,Pneumothorax,0.67456564161855
baseline,8,14,Consolidation,0.6556320455376615
baseline,8,14,Edema,0.7219936088656449
baseline,8,14,Emphysema,0.7004290304986834
baseline,8,14,Fibrosis,0.6547354119927437
baseline,8,14,Pleural_Thickening,0.6946817540131534
baseline,8,14,Hernia,0.755922210168379
baseline,8,15,Atelectasis,0.7128167282368694
baseline,8,15,Cardiomegaly,0.8170651590582121
baseline,8,15,Effusion,0.7533702520529132
baseline,8,15,Infiltration,0.6618818066656385
baseline,8,15,Mass,0.6785870126552837
baseline,8,15,Nodule,0.5316701149133708
baseline,8,15,Pneumonia,0.6497469195564319
baseline,8,15,Pneumothorax,0.716036771706751
baseline,8,15,Consolidation,0.7155338723890394
baseline,8,15,Edema,0.7630703298653523
baseline,8,15,Emphysema,0.5968199498621807
baseline,8,15,Fibrosis,0.5568530845264543
baseline,8,15,Pleural_Thickening,0.6926741352767046
baseline,8,15,Hernia,0.7317230816916303
baseline,8,16,Atelectasis,0.655341988377484
baseline,8,16,Cardiomegaly,0.8232207624571201
baseline,8,16,Effusion,0.7642073188662548
baseline,8,16,Infiltration,0.6814388740969903
baseline,8,16,Mass,0.6692477102311589
baseline,8,16,Nodule,0.588643739919054
baseline,8,16,Pneumonia,0.6282271848942509
baseline,8,16,Pneumothorax,0.7273618064406122
baseline,8,16,Consolidation,0.7104943722579651
baseline,8,16,Edema,0.7671501171634931
baseline,8,16,Emphysema,0.644247027055223
baseline,8,16,Fibrosis,0.5996734592443058
baseline,8,16,Pleural_Thickening,0.6101743595181915
baseline,8,16,Hernia,0.7359327851366997
baseline,8,17,Atelectasis,0.5792987123094749
baseline,8,17,Cardiomegaly,0.8208690272147344
baseline,8,17,Effusion,0.7567979125514036
baseline,8,17,Infiltration,0.6517588459949955
baseline,8,17,Mass,0.6001696744331184
baseline,8,17,Nodule,0.5477237575163824
baseline,8,17,Pneumonia,0.509693364144065
baseline,8,17,Pneumothorax,0.4952157721226327
baseline,8,17,Consolidation,0.6893401600903006
baseline,8,17,Edema,0.7361422920224753
baseline,8,17,Emphysema,0.603747084911723
baseline,8,17,Fibrosis,0.7044753625730753
baseline,8,17,Pleural_Thickening,0.5696288868688372
baseline,8,17,Hernia,0.8154298815785874
baseline,8,18,Atelectasis,0.5933155795017325
baseline,8,18,Cardiomegaly,0.7144985558955036
baseline,8,18,Effusion,0.7487540244868605
baseline,8,18,Infiltration,0.652056852796925
baseline,8,18,Mass,0.6905205844106496
baseline,8,18,Nodule,0.5411300667656536
baseline,8,18,Pneumonia,0.6401807342264992
baseline,8,18,Pneumothorax,0.7485842550900929
baseline,8,18,Consolidation,0.7160563280429789
baseline,8,18,Edema,0.7681508106136212
baseline,8,18,Emphysema,0.6419014397811288
baseline,8,18,Fibrosis,0.6614948695915545
baseline,8,18,Pleural_Thickening,0.6763357949985938
baseline,8,18,Hernia,0.7127651718888169
baseline,8,19,Atelectasis,0.6147639307375088
baseline,8,19,Cardiomegaly,0.5716563747181806
baseline,8,19,Effusion,0.7582986630343052
baseline,8,19,Infiltration,0.6478853285848182
baseline,8,19,Mass,0.6795566116871383
baseline,8,19,Nodule,0.5433245539453285
baseline,8,19,Pneumonia,0.6182587763275436
baseline,8,19,Pneumothorax,0.5773530068957178
baseline,8,19,Consolidation,0.6946176676683461
baseline,8,19,Edema,0.7701105905061966
baseline,8,19,Emphysema,0.6375125789814037
baseline,8,19,Fibrosis,0.6792792348311357
baseline,8,19,Pleural_Thickening,0.6968336314931148
baseline,8,19,Hernia,0.7453675257309036
baseline,16,0,Atelectasis,0.6493706400755217
baseline,16,0,Cardiomegaly,0.7819822891959656
baseline,16,0,Effusion,0.7713694659088983
baseline,16,0,Infiltration,0.6854489228509149
baseline,16,0,Mass,0.6301418806522161
baseline,16,0,Nodule,0.5321734409621175
baseline,16,0,Pneumonia,0.644363100371247
baseline,16,0,Pneumothorax,0.6230297303526535
baseline,16,0,Consolidation,0.6964981535482815
baseline,16,0,Edema,0.8168713458300423
baseline,16,0,Emphysema,0.7207704536729991
baseline,16,0,Fibrosis,0.6748270791276593
baseline,16,0,Pleural_Thickening,0.6995018994604574
baseline,16,0,Hernia,0.7770885562433336
baseline,16,1,Atelectasis,0.5772407967302164
baseline,16,1,Cardiomegaly,0.8373615331539519
baseline,16,1,Effusion,0.7594900805301354
baseline,16,1,Infiltration,0.5592339332863802
baseline,16,1,Mass,0.6516396368457131
baseline,16,1,Nodule,0.6359702544804268
baseline,16,1,Pneumonia,0.6653538647069257
baseline,16,1,Pneumothorax,0.6189784787922786
baseline,16,1,Consolidation,0.7231541187996112
baseline,16,1,Edema,0.7792536154167219
baseline,16,1,Emphysema,0.674616630209666
baseline,16,1,Fibrosis,0.6976740138336699
baseline,16,1,Pleural_Thickening,0.681163758039017
baseline,16,1,Hernia,0.7349657680982378
baseline,16,2,Atelectasis,0.5883184180130481
baseline,16,2,Cardiomegaly,0.780422945439216
baseline,16,2,Effusion,0.7387839236337866
baseline,16,2,Infiltration,0.6701323422776213
baseline,16,2,Mass,0.5952385464540104
baseline,16,2,Nodule,0.5229150791148566
baseline,16,2,Pneumonia,0.6610170851335342
baseline,16,2,Pneumothorax,0.7463501852322609
baseline,16,2,Consolidation,0.7159628093960697
baseline,16,2,Edema,0.774048160275715
baseline,16,2,Emphysema,0.6403742820818588
baseline,16,2,Fibrosis,0.5958885924074249
baseline,16,2,Pleural_Thickening,0.5646470227904128
baseline,16,2,Hernia,0.7987556179519203
baseline,16,3,Atelectasis,0.6168722716917016
baseline,16,3,Cardiomegaly,0.8322171671371268
baseline,16,3,Effusion,0.7535310244098784
baseline,16,3,Infiltration,0.6772734337128276
baseline,16,3,Mass,0.6460032292620617
baseline,16,3,Nodule,0.6385961291069417
baseline,16,3,Pneumonia,0.5955675934710318
baseline,16,3,Pneumothorax,0.7168951016521299
baseline,16,3,Consolidation,0.7270578649089378
baseline,16,3,Edema,0.7863445318773438
baseline,16,3,Emphysema,0.701048388159726
baseline,16,3,Fibrosis,0.6418916431057552
baseline,16,3,Pleural_Thickening,0.7128252785111467
baseline,16,3,Hernia,0.8088237171013647
baseline,16,4,Atelectasis,0.608091082111191
baseline,16,4,Cardiomegaly,0.8482897353379637
baseline,16,4,Effusion,0.7553216572955932
baseline,16,4,Infiltration,0.6403159969624694
baseline,16,4,Mass,0.6814690623567875
baseline,16,4,Nodule,0.5070211715639532
baseline,16,4,Pneumonia,0.6257579011861989
baseline,16,4,Pneumothorax,0.712413298300972
baseline,16,4,Consolidation,0.7236311994331193
baseline,16,4,Edema,0.7756040301174265
baseline,16,4,Emphysema,0.773931914679753
baseline,16,4,Fibrosis,0.6341913022662788
baseline,16,4,Pleural_Thickening,0.6966293722751796
baseline,16,4,Hernia,0.8688480577612062
baseline,16,5,Atelectasis,0.7017796112389442
baseline,16,5,Cardiomegaly,0.8466208542137352
baseline,16,5,Effusion,0.7725053513202055
baseline,16,5,Infiltration,0.6699644387030949
baseline,16,5,Mass,0.6929720730338674
baseline,16,5,Nodule,0.5677849765212605
baseline,16,5,Pneumonia,0.6597207606552281
baseline,16,5,Pneumothorax,0.6882598443834644
baseline,16,5,Consolidation,0.7127949564570091
baseline,16,5,Edema,0.7868928066325821
baseline,16,5,Emphysema,0.5747191588729039
baseline,16,5,Fibrosis,0.6972293373205294
baseline,16,5,Pleural_Thickening,0.707860516535748
baseline,16,5,Hernia,0.748515857894305
baseline,16,6,Atelectasis,0.5908389761582677
baseline,16,6,Cardiomegaly,0.7134790612571327
baseline,16,6,Effusion,0.7739151700653683
baseline,16,6,Infiltration,0.6636109153798903
baseline,16,6,Mass,0.6555156700867508
baseline,16,6,Nodule,0.6356913928045824
baseline,16,6,Pneumonia,0.5972118878192917
baseline,16,6,Pneumothorax,0.6985061310041554
baseline,16,6,Consolidation,0.7202622113192431
baseline,16,6,Edema,0.7962360885468988
baseline,16,6,Emphysema,0.7554918588492572
baseline,16,6,Fibrosis,0.603006111903708
baseline,16,6,Pleural_Thickening,0.6761511960434463
baseline,16,6,Hernia,0.7899770267929584
baseline,16,7,Atelectasis,0.7185429326903374
baseline,16,7,Cardiomegaly,0.7988802016280869
baseline,16,7,Effusion,0.7679332797589531
baseline,16,7,Infiltration,0.6734142126685233
baseline,16,7,Mass,0.6702347970211031
baseline,16,7,Nodule,0.5674352814095978
baseline,16,7,Pneumonia,0.5981484059835562
baseline,16,7,Pneumothorax,0.679897977642856
baseline,16,7,Consolidation,0.7100796142208118
baseline,16,7,Edema,0.7656818652384296
baseline,16,7,Emphysema,0.664249880487775
baseline,16,7,Fibrosis,0.6386239514081041
baseline,16,7,Pleural_Thickening,0.6824569167434203
baseline,16,7,Hernia,0.7887372029208791
baseline,16,8,Atelectasis,0.5949503113958219
baseline,16,8,Cardiomegaly,0.8407753842074652
baseline,16,8,Effusion,0.7769190856925274
baseline,16,8,Infiltration,0.690202537979881
baseline,16,8,Mass,0.6031881118556349
baseline,16,8,Nodule,0.45203024022275623
baseline,16,8,Pneumonia,0.6719491025708828
baseline,16,8,Pneumothorax,0.7109280529409421
baseline,16,8,Consolidation,0.6980283007141729
baseline,16,8,Edema,0.789685427797381
baseline,16,8,Emphysema,0.7528666224898651
baseline,16,8,Fibrosis,0.5472574550926516
baseline,16,8,Pleural_Thickening,0.7134392547433023
baseline,16,8,Hernia,0.8181438195691612
baseline,16,9,Atelectasis,0.6693100905425188
baseline,16,9,Cardiomegaly,0.8174743985961825
baseline,16,9,Effusion,0.7268489856638224
baseline,16,9,Infiltration,0.6711166502169589
baseline,16,9,Mass,0.6186792789305572
baseline,16,9,Nodule,0.6131987955540145
baseline,16,9,Pneumonia,0.6393436565833834
baseline,16,9,Pneumothorax,0.7802246612584306
baseline,16,9,Consolidation,0.7146357203698627
baseline,16,9,Edema,0.7859416296844856
baseline,16,9,Emphysema,0.7200208582110994
baseline,16,9,Fibrosis,0.7103504922551641
baseline,16,9,Pleural_Thickening,0.6527558053321281
baseline,16,9,Hernia,0.7883848559160567
baseline,16,10,Atelectasis,0.6193702955704534
baseline,16,10,Cardiomegaly,0.856773980359477
baseline,16,10,Effusion,0.7556801345369333
baseline,16,10,Infiltration,0.6699345485918906
baseline,16,10,Mass,0.6419696622660527
baseline,16,10,Nodule,0.5526127809785187
baseline,16,10,Pneumonia,0.6342443078036704
baseline,16,10,Pneumothorax,0.7094848457600552
baseline,16,10,Consolidation,0.7033964656600757
baseline,16,10,Edema,0.7588386846576625
baseline,16,10,Emphysema,0.69123307678702
baseline,16,10,Fibrosis,0.7448358091134474
baseline,16,10,Pleural_Thickening,0.6342003455555052
baseline,16,10,Hernia,0.727017676606529
baseline,16,11,Atelectasis,0.6661109079747429
baseline,16,11,Cardiomegaly,0.8607516132256913
baseline,16,11,Effusion,0.7639729121545994
baseline,16,11,Infiltration,0.6871457398324413
baseline,16,11,Mass,0.6761239614814496
baseline,16,11,Nodule,0.5383699401609107
baseline,16,11,Pneumonia,0.6745685184405683
baseline,16,11,Pneumothorax,0.7890334352433268
baseline,16,11,Consolidation,0.692945591794176
baseline,16,11,Edema,0.773092053587372
baseline,16,11,Emphysema,0.6836510935289251
baseline,16,11,Fibrosis,0.7253325823078683
baseline,16,11,Pleural_Thickening,0.6853021270758526
baseline,16,11,Hernia,0.8214719717757742
baseline,16,12,Atelectasis,0.7043575777852746
baseline,16,12,Cardiomegaly,0.8215608251047136
baseline,16,12,Effusion,0.7316172497419338
baseline,16,12,Infiltration,0.6709478313391255
baseline,16,12,Mass,0.6509667299840254
baseline,16,12,Nodule,0.6391415285716661
baseline,16,12,Pneumonia,0.6431909326362423
baseline,16,12,Pneumothorax,0.6271423210000341
baseline,16,12,Consolidation,0.7029131643510578
baseline,16,12,Edema,0.7763058717588328
baseline,16,12,Emphysema,0.653562352971399
baseline,16,12,Fibrosis,0.6998073098898268
baseline,16,12,Pleural_Thickening,0.6374048431653072
baseline,16,12,Hernia,0.853203486093005
baseline,16,13,Atelectasis,0.6896109775248638
baseline,16,13,Cardiomegaly,0.8322006907643028
baseline,16,13,Effusion,0.7305171279773799
baseline,16,13,Infiltration,0.6870020666037161
baseline,16,13,Mass,0.6181774474417304
baseline,16,13,Nodule,0.5364000201602855
baseline,16,13,Pneumonia,0.6546119499156519
baseline,16,13,Pneumothorax,0.7342136369136778
baseline,16,13,Consolidation,0.6627935721539859
baseline,16,13,Edema,0.7522465483602041
baseline,16,13,Emphysema,0.7894929235283435
baseline,16,13,Fibrosis,0.6464379054064241
baseline,16,13,Pleural_Thickening,0.7041196461696531
baseline,16,13,Hernia,0.7303848012179447
baseline,16,14,Atelectasis,0.6158990892862982
baseline,16,14,Cardiomegaly,0.8177974041550895
baseline,16,14,Effusion,0.738580625552937
baseline,16,14,Infiltration,0.6601933113866553
baseline,16,14,Mass,0.6890791397577487
baseline,16,14,Nodule,0.6315332053962228
baseline,16,14,Pneumonia,0.636078488935803
baseline,16,14,Pneumothorax,0.7030302588980744
baseline,16,14,Consolidation,0.7080450710529727
baseline,16,14,Edema,0.7489667812192234
baseline,16,14,Emphysema,0.7226157381106013
baseline,16,14,Fibrosis,0.63145855632257
baseline,16,14,Pleural_Thickening,0.6338250831965434
baseline,16,14,Hernia,0.7708718879053358
baseline,16,15,Atelectasis,0.6960833955348781
baseline,16,15,Cardiomegaly,0.8272565965847454
baseline,16,15,Effusion,0.7602468077151537
baseline,16,15,Infiltration,0.6023987429341944
baseline,16,15,Mass,0.669982771799582
baseline,16,15,Nodule,0.580171857953054
baseline,16,15,Pneumonia,0.645980447921265
baseline,16,15,Pneumothorax,0.730744521679894
baseline,16,15,Consolidation,0.7148717005948333
baseline,16,15,Edema,0.8112607317706422
baseline,16,15,Emphysema,0.7279018320627618
baseline,16,15,Fibrosis,0.5835697190552611
baseline,16,15,Pleural_Thickening,0.6095824049270658
baseline,16,15,Hernia,0.8046894514691002
baseline,16,16,Atelectasis,0.6347731636373247
baseline,16,16,Cardiomegaly,0.8362689436810498
baseline,16,16,Effusion,0.698640229853614
baseline,16,16,Infiltration,0.667948588135412
baseline,16,16,Mass,0.6307476311644227
baseline,16,16,Nodule,0.6697666960974966
baseline,16,16,Pneumonia,0.645999443795059
baseline,16,16,Pneumothorax,0.7176415206955395
baseline,16,16,Consolidation,0.7185360259938514
baseline,16,16,Edema,0.747236245203089
baseline,16,16,Emphysema,0.6695238579931527
baseline,16,16,Fibrosis,0.703843706301533
baseline,16,16,Pleural_Thickening,0.56369592403575
baseline,16,16,Hernia,0.7373854758279927
baseline,16,17,Atelectasis,0.6154660118419278
baseline,16,17,Cardiomegaly,0.8221066812340178
baseline,16,17,Effusion,0.7351721798119054
baseline,16,17,Infiltration,0.6739907655805112
baseline,16,17,Mass,0.7016528618128391
baseline,16,17,Nodule,0.6382689742431791
baseline,16,17,Pneumonia,0.6046343456191305
baseline,16,17,Pneumothorax,0.7004671981520874
baseline,16,17,Consolidation,0.6938046126366826
baseline,16,17,Edema,0.796371930278136
baseline,16,17,Emphysema,0.6230847286134353
baseline,16,17,Fibrosis,0.5647527851669729
baseline,16,17,Pleural_Thickening,0.7250039257913272
baseline,16,17,Hernia,0.5977810799230581
baseline,16,18,Atelectasis,0.6590282404374255
baseline,16,18,Cardiomegaly,0.8487937712293011
baseline,16,18,Effusion,0.7669030960203469
baseline,16,18,Infiltration,0.653066533111878
baseline,16,18,Mass,0.659402894053644
baseline,16,18,Nodule,0.6053682825916885
baseline,16,18,Pneumonia,0.5540714309613315
baseline,16,18,Pneumothorax,0.7261807119703183
baseline,16,18,Consolidation,0.6952153042981857
baseline,16,18,Edema,0.7721369328470784
baseline,16,18,Emphysema,0.6607893560767566
baseline,16,18,Fibrosis,0.7050875579657808
baseline,16,18,Pleural_Thickening,0.6893138224813871
baseline,16,18,Hernia,0.6557337295907669
baseline,16,19,Atelectasis,0.6884681321811148
baseline,16,19,Cardiomegaly,0.8105826789155786
baseline,16,19,Effusion,0.7567828555229468
baseline,16,19,Infiltration,0.6760196613196383
baseline,16,19,Mass,0.6391865779225714
baseline,16,19,Nodule,0.5626729408230593
baseline,16,19,Pneumonia,0.6505941787000851
baseline,16,19,Pneumothorax,0.6460637643413968
baseline,16,19,Consolidation,0.7102298950837318
baseline,16,19,Edema,0.7846623292255817
baseline,16,19,Emphysema,0.7427892112768162
baseline,16,19,Fibrosis,0.6294881651817468
baseline,16,19,Pleural_Thickening,0.6949428652011881
baseline,16,19,Hernia,0.8777599755681766
baseline,32,0,Atelectasis,0.6100197433791175
baseline,32,0,Cardiomegaly,0.8453335613073437
baseline,32,0,Effusion,0.7476810638175617
baseline,32,0,Infiltration,0.5918084023634373
baseline,32,0,Mass,0.6304503032938589
baseline,32,0,Nodule,0.5866092962099305
baseline,32,0,Pneumonia,0.6288656693113386
baseline,32,0,Pneumothorax,0.7283786263759056
baseline,32,0,Consolidation,0.719423891309392
baseline,32,0,Edema,0.7874348808700883
baseline,32,0,Emphysema,0.7038324078471412
baseline,32,0,Fibrosis,0.6674078246437769
baseline,32,0,Pleural_Thickening,0.7211947722377339
baseline,32,0,Hernia,0.8318156126644363
baseline,32,1,Atelectasis,0.6681298019664339
baseline,32,1,Cardiomegaly,0.7821414845204289
baseline,32,1,Effusion,0.7385147478492698
baseline,32,1,Infiltration,0.6708307522899712
baseline,32,1,Mass,0.6420187671231299
baseline,32,1,Nodule,0.6081155584279594
baseline,32,1,Pneumonia,0.6245807686205433
baseline,32,1,Pneumothorax,0.7399395510947557
baseline,32,1,Consolidation,0.7108540941138393
baseline,32,1,Edema,0.7832235461922139
baseline,32,1,Emphysema,0.6905646185789226
baseline,32,1,Fibrosis,0.6840318920862289
baseline,32,1,Pleural_Thickening,0.7001628170297876
baseline,32,1,Hernia,0.8411220406042318
baseline,32,2,Atelectasis,0.6514340491509111
baseline,32,2,Cardiomegaly,0.8643967055950215
baseline,32,2,Effusion,0.753712570031844
baseline,32,2,Infiltration,0.6928389935801801
baseline,32,2,Mass,0.6841671547566318
baseline,32,2,Nodule,0.5899002109556452
baseline,32,2,Pneumonia,0.6283423833561608
baseline,32,2,Pneumothorax,0.7679032529516111
baseline,32,2,Consolidation,0.7190334946886204
baseline,32,2,Edema,0.7699520500598689
baseline,32,2,Emphysema,0.6312183369148107
baseline,32,2,Fibrosis,0.7464300936452007
baseline,32,2,Pleural_Thickening,0.7212371875999448
baseline,32,2,Hernia,0.839156099295306
baseline,32,3,Atelectasis,0.6296454154595154
baseline,32,3,Cardiomegaly,0.8687505489740541
baseline,32,3,Effusion,0.7312927623196842
baseline,32,3,Infiltration,0.6772003605992727
baseline,32,3,Mass,0.641674493377969
baseline,32,3,Nodule,0.5584730526710078
baseline,32,3,Pneumonia,0.6311684872844572
baseline,32,3,Pneumothorax,0.7144710172609352
baseline,32,3,Consolidation,0.7179997157255548
baseline,32,3,Edema,0.797148090492503
baseline,32,3,Emphysema,0.6652551348437309
baseline,32,3,Fibrosis,0.6884200004842379
baseline,32,3,Pleural_Thickening,0.710567979804062
baseline,32,3,Hernia,0.8463680453629676
baseline,32,4,Atelectasis,0.6302769898642128
baseline,32,4,Cardiomegaly,0.8407393230720365
baseline,32,4,Effusion,0.7518481951313785
baseline,32,4,Infiltration,0.684286092978962
baseline,32,4,Mass,0.592477159884455
baseline,32,4,Nodule,0.5892186190466534
baseline,32,4,Pneumonia,0.6368938364505634
baseline,32,4,Pneumothorax,0.7353191477524178
baseline,32,4,Consolidation,0.7122741573330471
baseline,32,4,Edema,0.7639009144120408
baseline,32,4,Emphysema,0.6885360378785891
baseline,32,4,Fibrosis,0.6480915775965997
baseline,32,4,Pleural_Thickening,0.6775892575036103
baseline,32,4,Hernia,0.8401730283609712
baseline,32,5,Atelectasis,0.6871211392286555
baseline,32,5,Cardiomegaly,0.7843572896870148
baseline,32,5,Effusion,0.7542701876250318
baseline,32,5,Infiltration,0.6803147724713847
baseline,32,5,Mass,0.6716303752906471
baseline,32,5,Nodule,0.5372343049002627
baseline,32,5,Pneumonia,0.5904660141152294
baseline,32,5,Pneumothorax,0.7524147775736051
baseline,32,5,Consolidation,0.7144118571403913
baseline,32,5,Edema,0.7803034748095752
baseline,32,5,Emphysema,0.6882044318265788
baseline,32,5,Fibrosis,0.7317283133402497
baseline,32,5,Pleural_Thickening,0.6927271052840883
baseline,32,5,Hernia,0.8404601934489895
baseline,32,6,Atelectasis,0.6655104907122814
baseline,32,6,Cardiomegaly,0.8414039463887815
baseline,32,6,Effusion,0.7471960501184856
baseline,32,6,Infiltration,0.6820357610177661
baseline,32,6,Mass,0.6767555118342946
baseline,32,6,Nodule,0.5871590777867038
baseline,32,6,Pneumonia,0.5987636492368732
baseline,32,6,Pneumothorax,0.666066688523029
baseline,32,6,Consolidation,0.7101677925857658
baseline,32,6,Edema,0.7761905377470211
baseline,32,6,Emphysema,0.628808620218993
baseline,32,6,Fibrosis,0.6619010354923488
baseline,32,6,Pleural_Thickening,0.7101489067230191
baseline,32,6,Hernia,0.8081956004485245
baseline,32,7,Atelectasis,0.6411526636698688
baseline,32,7,Cardiomegaly,0.8458416590822593
baseline,32,7,Effusion,0.7787175367493002
baseline,32,7,Infiltration,0.676383460795057
baseline,32,7,Mass,0.6845084778924031
baseline,32,7,Nodule,0.6092609474218775
baseline,32,7,Pneumonia,0.6657489285139938
baseline,32,7,Pneumothorax,0.6188465960733984
baseline,32,7,Consolidation,0.7157865105867904
baseline,32,7,Edema,0.785392807180331
baseline,32,7,Emphysema,0.6063070343460006
baseline,32,7,Fibrosis,0.5386474323745881
baseline,32,7,Pleural_Thickening,0.6891930165172326
baseline,32,7,Hernia,0.8534423345154203
baseline,32,8,Atelectasis,0.64585390063438
baseline,32,8,Cardiomegaly,0.8406264484762653
baseline,32,8,Effusion,0.7428524485855539
baseline,32,8,Infiltration,0.6492702370706102
baseline,32,8,Mass,0.6552803769794511
baseline,32,8,Nodule,0.5873620428239522
baseline,32,8,Pneumonia,0.6369333752106006
baseline,32,8,Pneumothorax,0.7548390992375118
baseline,32,8,Consolidation,0.6892505916302607
baseline,32,8,Edema,0.7769269094801096
baseline,32,8,Emphysema,0.6803837601676871
baseline,32,8,Fibrosis,0.7031379981882196
baseline,32,8,Pleural_Thickening,0.6603550425210876
baseline,32,8,Hernia,0.84437703408604
baseline,32,9,Atelectasis,0.6134235791758944
baseline,32,9,Cardiomegaly,0.8481355935306284
baseline,32,9,Effusion,0.7649380845966918
baseline,32,9,Infiltration,0.6868473551529998
baseline,32,9,Mass,0.6332020823913773
baseline,32,9,Nodule,0.5750560184273852
baseline,32,9,Pneumonia,0.6436643544227107
baseline,32,9,Pneumothorax,0.6847684418783719
baseline,32,9,Consolidation,0.671937837727945
baseline,32,9,Edema,0.7712699558623923
baseline,32,9,Emphysema,0.5932193302020751
baseline,32,9,Fibrosis,0.5498815673042617
baseline,32,9,Pleural_Thickening,0.6848254327878585
baseline,32,9,Hernia,0.8341653523925866
baseline,32,10,Atelectasis,0.6738966746897674
baseline,32,10,Cardiomegaly,0.8658650097639673
baseline,32,10,Effusion,0.7572506846257046
baseline,32,10,Infiltration,0.6493965489269756
baseline,32,10,Mass,0.685496068444926
baseline,32,10,Nodule,0.6012765593578666
baseline,32,10,Pneumonia,0.6407479841168592
baseline,32,10,Pneumothorax,0.69666649839395
baseline,32,10,Consolidation,0.7151341273788148
baseline,32,10,Edema,0.7895450287951608
baseline,32,10,Emphysema,0.6649182266794151
baseline,32,10,Fibrosis,0.7185727592465443
baseline,32,10,Pleural_Thickening,0.6831443461502862
baseline,32,10,Hernia,0.7853030731222594
baseline,32,11,Atelectasis,0.7016131391745952
baseline,32,11,Cardiomegaly,0.8349077550053371
baseline,32,11,Effusion,0.7546987054257102
baseline,32,11,Infiltration,0.671808497756516
baseline,32,11,Mass,0.6618067891075208
baseline,32,11,Nodule,0.6329456333589911
baseline,32,11,Pneumonia,0.5826287051397869
baseline,32,11,Pneumothorax,0.7243718348127015
baseline,32,11,Consolidation,0.7107555942928719
baseline,32,11,Edema,0.7752970716247439
baseline,32,11,Emphysema,0.6775965106724239
baseline,32,11,Fibrosis,0.6452637200337871
baseline,32,11,Pleural_Thickening,0.6798827997888641
baseline,32,11,Hernia,0.6789154731842507
baseline,32,12,Atelectasis,0.6008373167671355
baseline,32,12,Cardiomegaly,0.8582721098144146
baseline,32,12,Effusion,0.7354064532301525
baseline,32,12,Infiltration,0.672342556242953
baseline,32,12,Mass,0.7095786784071814
baseline,32,12,Nodule,0.5819347906258989
baseline,32,12,Pneumonia,0.6412870639898315
baseline,32,12,Pneumothorax,0.7273905573478736
baseline,32,12,Consolidation,0.7239330933334168
baseline,32,12,Edema,0.7821377325604962
baseline,32,12,Emphysema,0.615044448690283
baseline,32,12,Fibrosis,0.7348307246162302
baseline,32,12,Pleural_Thickening,0.6944323066024958
baseline,32,12,Hernia,0.8384019490760578
baseline,32,13,Atelectasis,0.6736682094781585
baseline,32,13,Cardiomegaly,0.8556344217821005
baseline,32,13,Effusion,0.7476970590265456
baseline,32,13,Infiltration,0.6719212941938666
baseline,32,13,Mass,0.6560087696908797
baseline,32,13,Nodule,0.5044799320985955
baseline,32,13,Pneumonia,0.6585815119060597
baseline,32,13,Pneumothorax,0.7568445854735264
baseline,32,13,Consolidation,0.7066118482669511
baseline,32,13,Edema,0.774232291551411
baseline,32,13,Emphysema,0.6927409676556587
baseline,32,13,Fibrosis,0.5313949201624298
baseline,32,13,Pleural_Thickening,0.6559371542794667
baseline,32,13,Hernia,0.8080811902309171
baseline,32,14,Atelectasis,0.6465285484216768
baseline,32,14,Cardiomegaly,0.8644388690907556
baseline,32,14,Effusion,0.7574524293256818
baseline,32,14,Infiltration,0.6333404746584929
baseline,32,14,Mass,0.6606442250193254
baseline,32,14,Nodule,0.5453190317645038
baseline,32,14,Pneumonia,0.6473061656361045
baseline,32,14,Pneumothorax,0.7105964847802236
baseline,32,14,Consolidation,0.7138214258367476
baseline,32,14,Edema,0.7944100032098086
baseline,32,14,Emphysema,0.7307081243557421
baseline,32,14,Fibrosis,0.7007618066091155
baseline,32,14,Pleural_Thickening,0.6922632375733633
baseline,32,14,Hernia,0.8398003974729471
baseline,32,15,Atelectasis,0.6544158354918196
baseline,32,15,Cardiomegaly,0.8596513004530277
baseline,32,15,Effusion,0.7704008893582276
baseline,32,15,Infiltration,0.6690908026897624
baseline,32,15,Mass,0.6186963588808448
baseline,32,15,Nodule,0.5956810263466712
baseline,32,15,Pneumonia,0.6396398914788755
baseline,32,15,Pneumothorax,0.7052820096638721
baseline,32,15,Consolidation,0.7207454547076322
baseline,32,15,Edema,0.7982136812342318
baseline,32,15,Emphysema,0.6715999523407314
baseline,32,15,Fibrosis,0.7267041631205381
baseline,32,15,Pleural_Thickening,0.7139103318133571
baseline,32,15,Hernia,0.832609191106087
baseline,32,16,Atelectasis,0.5939985085294659
baseline,32,16,Cardiomegaly,0.8680667032223476
baseline,32,16,Effusion,0.7683755011473281
baseline,32,16,Infiltration,0.6796702142031426
baseline,32,16,Mass,0.6253318236128586
baseline,32,16,Nodule,0.6504696351890434
baseline,32,16,Pneumonia,0.6004723064984238
baseline,32,16,Pneumothorax,0.7557168609998361
baseline,32,16,Consolidation,0.720509381809656
baseline,32,16,Edema,0.799106073768633
baseline,32,16,Emphysema,0.6949887832320624
baseline,32,16,Fibrosis,0.450433872527589
baseline,32,16,Pleural_Thickening,0.684789153431231
baseline,32,16,Hernia,0.850768508473649
baseline,32,17,Atelectasis,0.6204855982737741
baseline,32,17,Cardiomegaly,0.8511189612043588
baseline,32,17,Effusion,0.7565829718040147
baseline,32,17,Infiltration,0.6812969768925718
baseline,32,17,Mass,0.6390976638274288
baseline,32,17,Nodule,0.6542265187995563
baseline,32,17,Pneumonia,0.6181996300841395
baseline,32,17,Pneumothorax,0.7209684686656429
baseline,32,17,Consolidation,0.7037719650951759
baseline,32,17,Edema,0.7473817054052959
baseline,32,17,Emphysema,0.5939731262811183
baseline,32,17,Fibrosis,0.6828120695822352
baseline,32,17,Pleural_Thickening,0.6969173709745611
baseline,32,17,Hernia,0.819235046903631
baseline,32,18,Atelectasis,0.594381215260555
baseline,32,18,Cardiomegaly,0.8019436055711955
baseline,32,18,Effusion,0.7741904773466622
baseline,32,18,Infiltration,0.6864401711405572
baseline,32,18,Mass,0.7125882640015291
baseline,32,18,Nodule,0.5771473781900716
baseline,32,18,Pneumonia,0.6134467041619311
baseline,32,18,Pneumothorax,0.7359387977129856
baseline,32,18,Consolidation,0.7091394581617869
baseline,32,18,Edema,0.7625368662408101
baseline,32,18,Emphysema,0.7563367056385611
baseline,32,18,Fibrosis,0.6215579027385476
baseline,32,18,Pleural_Thickening,0.7095174884924851
baseline,32,18,Hernia,0.8308424420883739
baseline,32,19,Atelectasis,0.6595131029653496
baseline,32,19,Cardiomegaly,0.8655014044391546
baseline,32,19,Effusion,0.7659399332327167
baseline,32,19,Infiltration,0.6189091729245423
baseline,32,19,Mass,0.6950482945189864
baseline,32,19,Nodule,0.6242414480513211
baseline,32,19,Pneumonia,0.6342492006802537
baseline,32,19,Pneumothorax,0.716089356248859
baseline,32,19,Consolidation,0.7114630020980011
baseline,32,19,Edema,0.7682153792558721
baseline,32,19,Emphysema,0.6962269198024523
baseline,32,19,Fibrosis,0.7406785816582587
baseline,32,19,Pleural_Thickening,0.7090253200213139
baseline,32,19,Hernia,0.8277688640113773
baseline,64,0,Atelectasis,0.647176459827928
baseline,64,0,Cardiomegaly,0.8518114646797483
baseline,64,0,Effusion,0.7525427614481506
baseline,64,0,Infiltration,0.6740948120541381
baseline,64,0,Mass,0.6242291952771826
baseline,64,0,Nodule,0.593936431720436
baseline,64,0,Pneumonia,0.6401075929169855
baseline,64,0,Pneumothorax,0.7595231325758007
baseline,64,0,Consolidation,0.7141036383074527
baseline,64,0,Edema,0.7851152080295609
baseline,64,0,Emphysema,0.6528117120225658
baseline,64,0,Fibrosis,0.591286414342211
baseline,64,0,Pleural_Thickening,0.7089951766702699
baseline,64,0,Hernia,0.8583191270181324
baseline,64,1,Atelectasis,0.6391265475072695
baseline,64,1,Cardiomegaly,0.8724691366453106
baseline,64,1,Effusion,0.754227482467713
baseline,64,1,Infiltration,0.6799649334707173
baseline,64,1,Mass,0.691585838360724
baseline,64,1,Nodule,0.5891333927501464
baseline,64,1,Pneumonia,0.6154564891955572
baseline,64,1,Pneumothorax,0.7477203533268866
baseline,64,1,Consolidation,0.709699851827448
baseline,64,1,Edema,0.7713048584233375
baseline,64,1,Emphysema,0.6950937053136014
baseline,64,1,Fibrosis,0.6960871299178121
baseline,64,1,Pleural_Thickening,0.719134237161589
baseline,64,1,Hernia,0.8597713618918253
baseline,64,2,Atelectasis,0.6325763937939182
baseline,64,2,Cardiomegaly,0.8442468453562353
baseline,64,2,Effusion,0.7570943981045923
baseline,64,2,Infiltration,0.6881160579065546
baseline,64,2,Mass,0.6500795800942198
baseline,64,2,Nodule,0.5958973176308251
baseline,64,2,Pneumonia,0.6478549233311424
baseline,64,2,Pneumothorax,0.7315054389041994
baseline,64,2,Consolidation,0.7158503391194884
baseline,64,2,Edema,0.7842329159851757
baseline,64,2,Emphysema,0.626874058665035
baseline,64,2,Fibrosis,0.723480783752633
baseline,64,2,Pleural_Thickening,0.699696659497737
baseline,64,2,Hernia,0.8376386825048088
baseline,64,3,Atelectasis,0.6743150754802952
baseline,64,3,Cardiomegaly,0.8407181936494795
baseline,64,3,Effusion,0.7486717106806285
baseline,64,3,Infiltration,0.6943191817813195
baseline,64,3,Mass,0.6476627911171976
baseline,64,3,Nodule,0.5436557568011601
baseline,64,3,Pneumonia,0.6363161532204302
baseline,64,3,Pneumothorax,0.7599935870913173
baseline,64,3,Consolidation,0.7102766138627464
baseline,64,3,Edema,0.7691512849641827
baseline,64,3,Emphysema,0.7127934070399132
baseline,64,3,Fibrosis,0.6427291004551379
baseline,64,3,Pleural_Thickening,0.7172961725386093
baseline,64,3,Hernia,0.8286052893074307
baseline,64,4,Atelectasis,0.6546245883447991
baseline,64,4,Cardiomegaly,0.8684209070983152
baseline,64,4,Effusion,0.7546390617522111
baseline,64,4,Infiltration,0.6905440384834488
baseline,64,4,Mass,0.6272816246794151
baseline,64,4,Nodule,0.6048061385756449
baseline,64,4,Pneumonia,0.6385003189364038
baseline,64,4,Pneumothorax,0.7086546776310658
baseline,64,4,Consolidation,0.7094432634428277
baseline,64,4,Edema,0.776395352021796
baseline,64,4,Emphysema,0.6742477600162409
baseline,64,4,Fibrosis,0.7249369234543332
baseline,64,4,Pleural_Thickening,0.7135132267056566
baseline,64,4,Hernia,0.8464737950461743
baseline,64,5,Atelectasis,0.6352322668612512
baseline,64,5,Cardiomegaly,0.8400826328236883
baseline,64,5,Effusion,0.7516206837902625
baseline,64,5,Infiltration,0.6722906148796005
baseline,64,5,Mass,0.7043537848786019
baseline,64,5,Nodule,0.5932157734752892
baseline,64,5,Pneumonia,0.6349945728644663
baseline,64,5,Pneumothorax,0.7025961643802441
baseline,64,5,Consolidation,0.7120184725102325
baseline,64,5,Edema,0.7759295463433926
baseline,64,5,Emphysema,0.6566558554605353
baseline,64,5,Fibrosis,0.7295638616048282
baseline,64,5,Pleural_Thickening,0.6873053450619412
baseline,64,5,Hernia,0.8466005123389824
baseline,64,6,Atelectasis,0.6380966946330715
baseline,64,6,Cardiomegaly,0.8741083831823068
baseline,64,6,Effusion,0.7585746060226227
baseline,64,6,Infiltration,0.6844929851154552
baseline,64,6,Mass,0.6717112411788774
baseline,64,6,Nodule,0.5887627380351057
baseline,64,6,Pneumonia,0.6402783399189294
baseline,64,6,Pneumothorax,0.7465589034007971
baseline,64,6,Consolidation,0.7164898639479188
baseline,64,6,Edema,0.7858759436344455
baseline,64,6,Emphysema,0.657933944567312
baseline,64,6,Fibrosis,0.5844249470193562
baseline,64,6,Pleural_Thickening,0.6697839006168886
baseline,64,6,Hernia,0.8414089777834501
baseline,64,7,Atelectasis,0.6555594392660045
baseline,64,7,Cardiomegaly,0.8382998854701389
baseline,64,7,Effusion,0.7481802988979588
baseline,64,7,Infiltration,0.6926699521744786
baseline,64,7,Mass,0.6508096520142442
baseline,64,7,Nodule,0.6252534075161934
baseline,64,7,Pneumonia,0.6272701598207768
baseline,64,7,Pneumothorax,0.7733255971520074
baseline,64,7,Consolidation,0.7163897771017282
baseline,64,7,Edema,0.7678252943876552
baseline,64,7,Emphysema,0.6531131856476002
baseline,64,7,Fibrosis,0.697294709427608
baseline,64,7,Pleural_Thickening,0.7205358403728344
baseline,64,7,Hernia,0.8565300429380179
baseline,64,8,Atelectasis,0.6461889834002534
baseline,64,8,Cardiomegaly,0.8787417909428235
baseline,64,8,Effusion,0.7662975133068859
baseline,64,8,Infiltration,0.6752532543483122
baseline,64,8,Mass,0.663032947224105
baseline,64,8,Nodule,0.6559472623995073
baseline,64,8,Pneumonia,0.632702404093323
baseline,64,8,Pneumothorax,0.7313856980027285
baseline,64,8,Consolidation,0.6996887924626264
baseline,64,8,Edema,0.7702003994185096
baseline,64,8,Emphysema,0.6726993751983391
baseline,64,8,Fibrosis,0.7143212424629067
baseline,64,8,Pleural_Thickening,0.696253448014741
baseline,64,8,Hernia,0.8605840846726773
baseline,64,9,Atelectasis,0.6218171834727814
baseline,64,9,Cardiomegaly,0.878058727056031
baseline,64,9,Effusion,0.762562965242698
baseline,64,9,Infiltration,0.6949521937922485
baseline,64,9,Mass,0.6605217507409629
baseline,64,9,Nodule,0.5795829586370516
baseline,64,9,Pneumonia,0.6032045463457947
baseline,64,9,Pneumothorax,0.7209468768488352
baseline,64,9,Consolidation,0.7164504431681055
baseline,64,9,Edema,0.7788339521070258
baseline,64,9,Emphysema,0.6373081489470882
baseline,64,9,Fibrosis,0.7218669012936003
baseline,64,9,Pleural_Thickening,0.7219255651359532
baseline,64,9,Hernia,0.8589449645829723
baseline,64,10,Atelectasis,0.6827014507735669
baseline,64,10,Cardiomegaly,0.8442223405656347
baseline,64,10,Effusion,0.7673117941165601
baseline,64,10,Infiltration,0.6715927129025723
baseline,64,10,Mass,0.6378893293106533
baseline,64,10,Nodule,0.5592192710946456
baseline,64,10,Pneumonia,0.6448376734227939
baseline,64,10,Pneumothorax,0.7362703249646156
baseline,64,10,Consolidation,0.7120405750220996
baseline,64,10,Edema,0.7792723703396153
baseline,64,10,Emphysema,0.6780811685437327
baseline,64,10,Fibrosis,0.7175821731040605
baseline,64,10,Pleural_Thickening,0.6890292406247649
baseline,64,10,Hernia,0.8541479401602655
baseline,64,11,Atelectasis,0.671837556554142
baseline,64,11,Cardiomegaly,0.8629571969387662
baseline,64,11,Effusion,0.7629166234146645
baseline,64,11,Infiltration,0.6815493402896832
baseline,64,11,Mass,0.6738096162231125
baseline,64,11,Nodule,0.626690855925177
baseline,64,11,Pneumonia,0.6396035906518714
baseline,64,11,Pneumothorax,0.7285607127279546
baseline,64,11,Consolidation,0.7127705602882501
baseline,64,11,Edema,0.777683635562927
baseline,64,11,Emphysema,0.6924968091178707
baseline,64,11,Fibrosis,0.615639237334554
baseline,64,11,Pleural_Thickening,0.6958768260743672
baseline,64,11,Hernia,0.8105854521254775
baseline,64,12,Atelectasis,0.6657384229727731
baseline,64,12,Cardiomegaly,0.8688652161381648
baseline,64,12,Effusion,0.7641156899014576
baseline,64,12,Infiltration,0.6767429734600332
baseline,64,12,Mass,0.6726910593944717
baseline,64,12,Nodule,0.5652083203379937
baseline,64,12,Pneumonia,0.6417017352802664
baseline,64,12,Pneumothorax,0.7120769110496511
baseline,64,12,Consolidation,0.7217751792266971
baseline,64,12,Edema,0.7854080346002036
baseline,64,12,Emphysema,0.7440347782721977
baseline,64,12,Fibrosis,0.6878681977718665
baseline,64,12,Pleural_Thickening,0.6931682536738484
baseline,64,12,Hernia,0.8308939494771772
baseline,64,13,Atelectasis,0.6542994676651929
baseline,64,13,Cardiomegaly,0.859644149249545
baseline,64,13,Effusion,0.7637224999806212
baseline,64,13,Infiltration,0.6741181816789397
baseline,64,13,Mass,0.6719402732369844
baseline,64,13,Nodule,0.579848314155232
baseline,64,13,Pneumonia,0.6488361249712634
baseline,64,13,Pneumothorax,0.7118269647019205
baseline,64,13,Consolidation,0.7199591705904996
baseline,64,13,Edema,0.7831580792417402
baseline,64,13,Emphysema,0.6833670384629789
baseline,64,13,Fibrosis,0.6881278588876143
baseline,64,13,Pleural_Thickening,0.7025639272496572
baseline,64,13,Hernia,0.8391456154905053
baseline,64,14,Atelectasis,0.6309325812327168
baseline,64,14,Cardiomegaly,0.8758762178928603
baseline,64,14,Effusion,0.7597270095632073
baseline,64,14,Infiltration,0.6732200843946597
baseline,64,14,Mass,0.644041853650542
baseline,64,14,Nodule,0.6471068974983383
baseline,64,14,Pneumonia,0.6562067038885057
baseline,64,14,Pneumothorax,0.7138856491163678
baseline,64,14,Consolidation,0.7195516526319191
baseline,64,14,Edema,0.7908499419933898
baseline,64,14,Emphysema,0.6862449279414934
baseline,64,14,Fibrosis,0.7266238984160398
baseline,64,14,Pleural_Thickening,0.6985356843071997
baseline,64,14,Hernia,0.8391355875033046
baseline,64,15,Atelectasis,0.7122792743660091
baseline,64,15,Cardiomegaly,0.8452638227709803
baseline,64,15,Effusion,0.7571261475690911
baseline,64,15,Infiltration,0.6772691930874144
baseline,64,15,Mass,0.6631798180044938
baseline,64,15,Nodule,0.5888011361313003
baseline,64,15,Pneumonia,0.6383038123783301
baseline,64,15,Pneumothorax,0.7644830895328942
baseline,64,15,Consolidation,0.7212937545460453
baseline,64,15,Edema,0.7716363998873829
baseline,64,15,Emphysema,0.6576966750416393
baseline,64,15,Fibrosis,0.6607613863272253
baseline,64,15,Pleural_Thickening,0.692712382448534
baseline,64,15,Hernia,0.8165999653578624
baseline,64,16,Atelectasis,0.603157642444544
baseline,64,16,Cardiomegaly,0.858852615908327
baseline,64,16,Effusion,0.7670133142889181
baseline,64,16,Infiltration,0.6818289528540534
baseline,64,16,Mass,0.6423529416280226
baseline,64,16,Nodule,0.5842315313703065
baseline,64,16,Pneumonia,0.6346671099037218
baseline,64,16,Pneumothorax,0.7173866979844828
baseline,64,16,Consolidation,0.7099634717763782
baseline,64,16,Edema,0.7851672441766073
baseline,64,16,Emphysema,0.6651715518972805
baseline,64,16,Fibrosis,0.7297293247577555
baseline,64,16,Pleural_Thickening,0.7195228985531513
baseline,64,16,Hernia,0.8421995934107008
baseline,64,17,Atelectasis,0.6648807338075478
baseline,64,17,Cardiomegaly,0.7975693192851405
baseline,64,17,Effusion,0.7659402254528808
baseline,64,17,Infiltration,0.6827396628499582
baseline,64,17,Mass,0.646662198692405
baseline,64,17,Nodule,0.5795743486221753
baseline,64,17,Pneumonia,0.6387255711444042
baseline,64,17,Pneumothorax,0.7456528325493652
baseline,64,17,Consolidation,0.7144869106909085
baseline,64,17,Edema,0.7979457881942581
baseline,64,17,Emphysema,0.6451278497966845
baseline,64,17,Fibrosis,0.7354909783294433
baseline,64,17,Pleural_Thickening,0.7223198437454551
baseline,64,17,Hernia,0.8557070642611653
baseline,64,18,Atelectasis,0.6485897232019981
baseline,64,18,Cardiomegaly,0.8668271040757168
baseline,64,18,Effusion,0.7437514818638322
baseline,64,18,Infiltration,0.6890975191686345
baseline,64,18,Mass,0.6621039850402664
baseline,64,18,Nodule,0.5739271683724906
baseline,64,18,Pneumonia,0.647571208443378
baseline,64,18,Pneumothorax,0.7296761235660649
baseline,64,18,Consolidation,0.7222743623720722
baseline,64,18,Edema,0.7797449023747106
baseline,64,18,Emphysema,0.6219255263065235
baseline,64,18,Fibrosis,0.7095636971466971
baseline,64,18,Pleural_Thickening,0.6346831579598537
baseline,64,18,Hernia,0.8593565678757988
baseline,64,19,Atelectasis,0.6870420506494057
baseline,64,19,Cardiomegaly,0.8557491080160873
baseline,64,19,Effusion,0.7610280198739241
baseline,64,19,Infiltration,0.689581672631645
baseline,64,19,Mass,0.6633990866640517
baseline,64,19,Nodule,0.5713707521495673
baseline,64,19,Pneumonia,0.606975659018309
baseline,64,19,Pneumothorax,0.7482776087459704
baseline,64,19,Consolidation,0.7186266370252058
baseline,64,19,Edema,0.7934725857144893
baseline,64,19,Emphysema,0.6415135267899865
baseline,64,19,Fibrosis,0.6686671170992144
baseline,64,19,Pleural_Thickening,0.6992484269732508
baseline,64,19,Hernia,0.8646221727913358
tuned,1,0,Atelectasis,0.6947844091792056
tuned,1,0,Cardiomegaly,0.7081011846092523
tuned,1,0,Effusion,0.6408890305307937
tuned,1,0,Infiltration,0.652281643731573
tuned,1,0,Mass,0.574387921270257
tuned,1,0,Nodule,0.5798295391824942
tuned,1,0,Pneumonia,0.5498914033237742
tuned,1,0,Pneumothorax,0.6635170868670945
tuned,1,0,Consolidation,0.5301097144130735
tuned,1,0,Edema,0.6380641019601743
tuned,1,0,Emphysema,0.5940581654415116
tuned,1,0,Fibrosis,0.43375503139094573
tuned,1,0,Pleural_Thickening,0.685805762542881
tuned,1,0,Hernia,0.7659966907642237
tuned,1,1,Atelectasis,0.4721193592402511
tuned,1,1,Cardiomegaly,0.5927120922045284
tuned,1,1,Effusion,0.7418401005302986
tuned,1,1,Infiltration,0.6132821904951411
tuned,1,1,Mass,0.6398551668192987
tuned,1,1,Nodule,0.5039663125843026
tuned,1,1,Pneumonia,0.5901420049497202
tuned,1,1,Pneumothorax,0.4938141858481882
tuned,1,1,Consolidation,0.7009995247033218
tuned,1,1,Edema,0.2889112394791127
tuned,1,1,Emphysema,0.4060100525808984
tuned,1,1,Fibrosis,0.617470387257784
tuned,1,1,Pleural_Thickening,0.6507341972185182
tuned,1,1,Hernia,0.7665489137866591
tuned,1,2,Atelectasis,0.6407986406412151
tuned,1,2,Cardiomegaly,0.8011301228027545
tuned,1,2,Effusion,0.6631705719652956
tuned,1,2,Infiltration,0.6269257939592803
tuned,1,2,Mass,0.6333439995064086
tuned,1,2,Nodule,0.505871349054912
tuned,1,2,Pneumonia,0.6250940889373859
tuned,1,2,Pneumothorax,0.6630289678072475
tuned,1,2,Consolidation,0.6554007221312289
tuned,1,2,Edema,0.7033653255217034
tuned,1,2,Emphysema,0.5084670999637477
tuned,1,2,Fibrosis,0.42035132825066346
tuned,1,2,Pleural_Thickening,0.6344140145079502
tuned,1,2,Hernia,0.7548540016227107
tuned,1,3,Atelectasis,0.6522686096041919
tuned,1,3,Cardiomegaly,0.7239621153267529
tuned,1,3,Effusion,0.720347451005547
tuned,1,3,Infiltration,0.6767762140851777
tuned,1,3,Mass,0.4457594273649206
tuned,1,3,Nodule,0.5040185895104471
tuned,1,3,Pneumonia,0.695204729109126
tuned,1,3,Pneumothorax,0.730874841671601
tuned,1,3,Consolidation,0.6589184735875562
tuned,1,3,Edema,0.7746226612490648
tuned,1,3,Emphysema,0.3729261039753931
tuned,1,3,Fibrosis,0.4166898506948584
tuned,1,3,Pleural_Thickening,0.6116472155289672
tuned,1,3,Hernia,0.6180271302635537
tuned,1,4,Atelectasis,0.49016520705704353
tuned,1,4,Cardiomegaly,0.7952184040474211
tuned,1,4,Effusion,0.6597083167007085
tuned,1,4,Infiltration,0.6736673108274639
tuned,1,4,Mass,0.664208920992372
tuned,1,4,Nodule,0.5610712595930023
tuned,1,4,Pneumonia,0.4569031832839189
tuned,1,4,Pneumothorax,0.5451534798538695
tuned,1,4,Consolidation,0.6506567677995594
tuned,1,4,Edema,0.7339958173892753
tuned,1,4,Emphysema,0.6471560384394182
tuned,1,4,Fibrosis,0.47339218193454846
tuned,1,4,Pleural_Thickening,0.6862597553991393
tuned,1,4,Hernia,0.498827409223925
tuned,1,5,Atelectasis,0.575165027288532
tuned,1,5,Cardiomegaly,0.5447511634817368
tuned,1,5,Effusion,0.442769808723139
tuned,1,5,Infiltration,0.6738126089294908
tuned,1,5,Mass,0.6780774208238755
tuned,1,5,Nodule,0.5675304413501336
tuned,1,5,Pneumonia,0.4700226403473079
tuned,1,5,Pneumothorax,0.6068537122911274
tuned,1,5,Consolidation,0.37505490585986473
tuned,1,5,Edema,0.7482207471952517
tuned,1,5,Emphysema,0.5823371927607945
tuned,1,5,Fibrosis,0.6009379595405588
tuned,1,5,Pleural_Thickening,0.5489901905843335
tuned,1,5,Hernia,0.7779167768225868
tuned,1,6,Atelectasis,0.595614409484081
tuned,1,6,Cardiomegaly,0.8110844454916774
tuned,1,6,Effusion,0.4486189490483281
tuned,1,6,Infiltration,0.6511105131502718
tuned,1,6,Mass,0.4424099219734136
tuned,1,6,Nodule,0.4882689446864116
tuned,1,6,Pneumonia,0.6293727656013508
tuned,1,6,Pneumothorax,0.6948632666905192
tuned,1,6,Consolidation,0.33819169249057895
tuned,1,6,Edema,0.7782367305086286
tuned,1,6,Emphysema,0.5476225085719661
tuned,1,6,Fibrosis,0.4913964642415488
tuned,1,6,Pleural_Thickening,0.679110110316078
tuned,1,6,Hernia,0.5180501490523552
tuned,1,7,Atelectasis,0.48513425100136387
tuned,1,7,Cardiomegaly,0.7689102896969694
tuned,1,7,Effusion,0.7626434898412583
tuned,1,7,Infiltration,0.5985159129426642
tuned,1,7,Mass,0.6208716416787633
tuned,1,7,Nodule,0.5428364946095268
tuned,1,7,Pneumonia,0.5978429249904031
tuned,1,7,Pneumothorax,0.6759740433471063
tuned,1,7,Consolidation,0.6778803667951231
tuned,1,7,Edema,0.7234922060806703
tuned,1,7,Emphysema,0.4616448929699554
tuned,1,7,Fibrosis,0.5066862280476947
tuned,1,7,Pleural_Thickening,0.6909164827385575
tuned,1,7,Hernia,0.7963384172189656
tuned,1,8,Atelectasis,0.5214500184161942
tuned,1,8,Cardiomegaly,0.701838656415871
tuned,1,8,Effusion,0.7471714677380121
tuned,1,8,Infiltration,0.5971321674798815
tuned,1,8,Mass,0.561075659286081
tuned,1,8,Nodule,0.4958276381940157
tuned,1,8,Pneumonia,0.6408358760101902
tuned,1,8,Pneumothorax,0.7589794507922167
tuned,1,8,Consolidation,0.6961829494875356
tuned,1,8,Edema,0.7696529791515807
tuned,1,8,Emphysema,0.5669223467193871
tuned,1,8,Fibrosis,0.49960996013260806
tuned,1,8,Pleural_Thickening,0.4767350933257827
tuned,1,8,Hernia,0.7667891296618745
tuned,1,9,Atelectasis,0.6114050951466015
tuned,1,9,Cardiomegaly,0.8218549779413024
tuned,1,9,Effusion,0.5790636105263404
tuned,1,9,Infiltration,0.6910416485845279
tuned,1,9,Mass,0.6308629927949477
tuned,1,9,Nodule,0.6010332172060789
tuned,1,9,Pneumonia,0.6447745697056827
tuned,1,9,Pneumothorax,0.6943979421746764
tuned,1,9,Consolidation,0.6940135670963566
tuned,1,9,Edema,0.7227346474195001
tuned,1,9,Emphysema,0.44633297138326766
tuned,1,9,Fibrosis,0.5198830794054108
tuned,1,9,Pleural_Thickening,0.7100637897709317
tuned,1,9,Hernia,0.37474542587038373
tuned,1,10,Atelectasis,0.5862443567480213
tuned,1,10,Cardiomegaly,0.7901881521683041
tuned,1,10,Effusion,0.7425755674167094
tuned,1,10,Infiltration,0.6706215299088204
tuned,1,10,Mass,0.46071195229972894
tuned,1,10,Nodule,0.5732448568204644
tuned,1,10,Pneumonia,0.6502369627324701
tuned,1,10,Pneumothorax,0.5510239831166557
tuned,1,10,Consolidation,0.48742747034087336
tuned,1,10,Edema,0.7689006131501369
tuned,1,10,Emphysema,0.6473556330966662
tuned,1,10,Fibrosis,0.5025117781715636
tuned,1,10,Pleural_Thickening,0.6342472690034507
tuned,1,10,Hernia,0.755437676059548
tuned,1,11,Atelectasis,0.6947300276671322
tuned,1,11,Cardiomegaly,0.7632811102237685
tuned,1,11,Effusion,0.7328214172649251
tuned,1,11,Infiltration,0.6469978412613492
tuned,1,11,Mass,0.5099514699120363
tuned,1,11,Nodule,0.5258441547727022
tuned,1,11,Pneumonia,0.36557159771488273
tuned,1,11,Pneumothorax,0.5309729580289936
tuned,1,11,Consolidation,0.46831218014056875
tuned,1,11,Edema,0.7336669489399416
tuned,1,11,Emphysema,0.403645945252554
tuned,1,11,Fibrosis,0.4790288930094787
tuned,1,11,Pleural_Thickening,0.6106778160929287
tuned,1,11,Hernia,0.7703235393325008
tuned,1,12,Atelectasis,0.5449232559273764
tuned,1,12,Cardiomegaly,0.609612769768663
tuned,1,12,Effusion,0.6265093735410779
tuned,1,12,Infiltration,0.6343358208198215
tuned,1,12,Mass,0.6650737853852431
tuned,1,12,Nodule,0.4881161876015837
tuned,1,12,Pneumonia,0.6575293275784471
tuned,1,12,Pneumothorax,0.5942257230947267
tuned,1,12,Consolidation,0.6786967928073699
tuned,1,12,Edema,0.7581730163546871
tuned,1,12,Emphysema,0.6098246311419417
tuned,1,12,Fibrosis,0.5812572093191114
tuned,1,12,Pleural_Thickening,0.6664057164816939
tuned,1,12,Hernia,0.5998354498463894
tuned,1,13,Atelectasis,0.6313114479826796
tuned,1,13,Cardiomegaly,0.827014847767278
tuned,1,13,Effusion,0.6536653011132952
tuned,1,13,Infiltration,0.35130345656820305
tuned,1,13,Mass,0.671801558612632
tuned,1,13,Nodule,0.49215099478184265
tuned,1,13,Pneumonia,0.45309490633559163
tuned,1,13,Pneumothorax,0.620301617798988
tuned,1,13,Consolidation,0.3597969673453921
tuned,1,13,Edema,0.7533280457304615
tuned,1,13,Emphysema,0.5956841776642247
tuned,1,13,Fibrosis,0.5302113698128877
tuned,1,13,Pleural_Thickening,0.5504381626774223
tuned,1,13,Hernia,0.7980281330622738
tuned,1,14,Atelectasis,0.6529206752960746
tuned,1,14,Cardiomegaly,0.7188958404519591
tuned,1,14,Effusion,0.5528249415426378
tuned,1,14,Infiltration,0.5138057716977603
tuned,1,14,Mass,0.629435893381193
tuned,1,14,Nodule,0.5965305006949824
tuned,1,14,Pneumonia,0.5923535132113065
tuned,1,14,Pneumothorax,0.7436890326743343
tuned,1,14,Consolidation,0.7037638909595514
tuned,1,14,Edema,0.7290088702459502
tuned,1,14,Emphysema,0.4488968600629555
tuned,1,14,Fibrosis,0.4942592234743881
tuned,1,14,Pleural_Thickening,0.6045583759356381
tuned,1,14,Hernia,0.5316747650260272
tuned,1,15,Atelectasis,0.586834524950537
tuned,1,15,Cardiomegaly,0.6515092109598544
tuned,1,15,Effusion,0.663281600247655
tuned,1,15,Infiltration,0.6503664765276597
tuned,1,15,Mass,0.6296877266931604
tuned,1,15,Nodule,0.4875375303480536
tuned,1,15,Pneumonia,0.6433812511445194
tuned,1,15,Pneumothorax,0.4980375746703361
tuned,1,15,Consolidation,0.5968676524062604
tuned,1,15,Edema,0.7641307060373981
tuned,1,15,Emphysema,0.5491993082311672
tuned,1,15,Fibrosis,0.464742917679112
tuned,1,15,Pleural_Thickening,0.691262227869494
tuned,1,15,Hernia,0.4322472719316638
tuned,1,16,Atelectasis,0.6563336259234966
tuned,1,16,Cardiomegaly,0.7774858412845499
tuned,1,16,Effusion,0.7621102290550839
tuned,1,16,Infiltration,0.6386798923012142
tuned,1,16,Mass,0.640063460651249
tuned,1,16,Nodule,0.5258831697057834
tuned,1,16,Pneumonia,0.5013941820099721
tuned,1,16,Pneumothorax,0.6676991656918713
tuned,1,16,Consolidation,0.7135506816505016
tuned,1,16,Edema,0.8094491946447685
tuned,1,16,Emphysema,0.5613188914746851
tuned,1,16,Fibrosis,0.5277865260366915
tuned,1,16,Pleural_Thickening,0.5637496275015269
tuned,1,16,Hernia,0.7949014522348739
tuned,1,17,Atelectasis,0.5485619250183421
tuned,1,17,Cardiomegaly,0.8489187551963028
tuned,1,17,Effusion,0.793728343153503
tuned,1,17,Infiltration,0.4425548926706945
tuned,1,17,Mass,0.6589382210521709
tuned,1,17,Nodule,0.48367020723329146
tuned,1,17,Pneumonia,0.5533816432941867
tuned,1,17,Pneumothorax,0.4111135756564088
tuned,1,17,Consolidation,0.644477436034485
tuned,1,17,Edema,0.7580458509662839
tuned,1,17,Emphysema,0.6862919561840907
tuned,1,17,Fibrosis,0.6095454697038428
tuned,1,17,Pleural_Thickening,0.5776004883616432
tuned,1,17,Hernia,0.4587995587685632
tuned,1,18,Atelectasis,0.6550112170494943
tuned,1,18,Cardiomegaly,0.6091169911336137
tuned,1,18,Effusion,0.7412994163266216
tuned,1,18,Infiltration,0.41482151736664585
tuned,1,18,Mass,0.5622247777111639
tuned,1,18,Nodule,0.4930006618916809
tuned,1,18,Pneumonia,0.6194639350024518
tuned,1,18,Pneumothorax,0.6431167145289364
tuned,1,18,Consolidation,0.7038604330632725
tuned,1,18,Edema,0.7676645629456622
tuned,1,18,Emphysema,0.5847709369866729
tuned,1,18,Fibrosis,0.4651479415095521
tuned,1,18,Pleural_Thickening,0.6365244605333016
tuned,1,18,Hernia,0.496172727521355
tuned,1,19,Atelectasis,0.5809212409895219
tuned,1,19,Cardiomegaly,0.7524789027101841
tuned,1,19,Effusion,0.6793180891746026
tuned,1,19,Infiltration,0.6803638587602017
tuned,1,19,Mass,0.5807390480096293
tuned,1,19,Nodule,0.6298295019152658
tuned,1,19,Pneumonia,0.6256264411050563
tuned,1,19,Pneumothorax,0.6388136757118571
tuned,1,19,Consolidation,0.30884441047978783
tuned,1,19,Edema,0.7834460418020063
tuned,1,19,Emphysema,0.6849650279019928
tuned,1,19,Fibrosis,0.5320063846301086
tuned,1,19,Pleural_Thickening,0.6038508390352568
tuned,1,19,Hernia,0.846655438359786
tuned,2,0,Atelectasis,0.5497295525890402
tuned,2,0,Cardiomegaly,0.7017936133688679
tuned,2,0,Effusion,0.7260049974364602
tuned,2,0,Infiltration,0.36397009971129485
tuned,2,0,Mass,0.5475264969520924
tuned,2,0,Nodule,0.5467374995884541
tuned,2,0,Pneumonia,0.629085740826486
tuned,2,0,Pneumothorax,0.5730833417128783
tuned,2,0,Consolidation,0.6041769461302243
tuned,2,0,Edema,0.7415283509361575
tuned,2,0,Emphysema,0.6429310577165168
tuned,2,0,Fibrosis,0.5493086134489291
tuned,2,0,Pleural_Thickening,0.6960464875232109
tuned,2,0,Hernia,0.45759278167248596
tuned,2,1,Atelectasis,0.4783919205813191
tuned,2,1,Cardiomegaly,0.6439475856068662
tuned,2,1,Effusion,0.5293119587031593
tuned,2,1,Infiltration,0.5391284312285769
tuned,2,1,Mass,0.6829267833387196
tuned,2,1,Nodule,0.5534970809093893
tuned,2,1,Pneumonia,0.6624442580834099
tuned,2,1,Pneumothorax,0.5516438867135709
tuned,2,1,Consolidation,0.689186589335677
tuned,2,1,Edema,0.3440811895353665
tuned,2,1,Emphysema,0.5858066971577952
tuned,2,1,Fibrosis,0.606065398603111
tuned,2,1,Pleural_Thickening,0.5545135974062622
tuned,2,1,Hernia,0.7627610695304167
tuned,2,2,Atelectasis,0.5997442886874307
tuned,2,2,Cardiomegaly,0.7703749515196079
tuned,2,2,Effusion,0.7688351583388295
tuned,2,2,Infiltration,0.6706685966522672
tuned,2,2,Mass,0.6564264608347143
tuned,2,2,Nodule,0.5175128216614815
tuned,2,2,Pneumonia,0.5205293229014327
tuned,2,2,Pneumothorax,0.6689610392479338
tuned,2,2,Consolidation,0.7113128139080866
tuned,2,2,Edema,0.7737779009604229
tuned,2,2,Emphysema,0.7522204182179234
tuned,2,2,Fibrosis,0.4484635270695799
tuned,2,2,Pleural_Thickening,0.5945076345684164
tuned,2,2,Hernia,0.7215376095101784
tuned,2,3,Atelectasis,0.6131478452998146
tuned,2,3,Cardiomegaly,0.8284872519595536
tuned,2,3,Effusion,0.46746760590807246
tuned,2,3,Infiltration,0.6551312600364267
tuned,2,3,Mass,0.6261684892956689
tuned,2,3,Nodule,0.5504252589153555
tuned,2,3,Pneumonia,0.5861008126852143
tuned,2,3,Pneumothorax,0.6642112650047377
tuned,2,3,Consolidation,0.3471006149664819
tuned,2,3,Edema,0.6295285305978021
tuned,2,3,Emphysema,0.6716139357284667
tuned,2,3,Fibrosis,0.4955180134188698
tuned,2,3,Pleural_Thickening,0.5926552585621518
tuned,2,3,Hernia,0.7139338882152918
tuned,2,4,Atelectasis,0.6385238959497396
tuned,2,4,Cardiomegaly,0.8253260958323053
tuned,2,4,Effusion,0.7048969045210295
tuned,2,4,Infiltration,0.668065499239005
tuned,2,4,Mass,0.6792163080708714
tuned,2,4,Nodule,0.5126886431770553
tuned,2,4,Pneumonia,0.619861876972216
tuned,2,4,Pneumothorax,0.763218385067921
tuned,2,4,Consolidation,0.6750328496845005
tuned,2,4,Edema,0.7917673118783735
tuned,2,4,Emphysema,0.6556437120924641
tuned,2,4,Fibrosis,0.5948695915545268
tuned,2,4,Pleural_Thickening,0.5390168916899128
tuned,2,4,Hernia,0.6643997338025216
tuned,2,5,Atelectasis,0.5477695770266255
tuned,2,5,Cardiomegaly,0.5943640774186619
tuned,2,5,Effusion,0.642227814142726
tuned,2,5,Infiltration,0.6735823009831667
tuned,2,5,Mass,0.5923886655914614
tuned,2,5,Nodule,0.5653207645621245
tuned,2,5,Pneumonia,0.6052238652933513
tuned,2,5,Pneumothorax,0.6607617370424349
tuned,2,5,Consolidation,0.7080465538210643
tuned,2,5,Edema,0.4862683947779809
tuned,2,5,Emphysema,0.6370037068859392
tuned,2,5,Fibrosis,0.6027572776149186
tuned,2,5,Pleural_Thickening,0.670370076987013
tuned,2,5,Hernia,0.7689977938428159
tuned,2,6,Atelectasis,0.6569341935055042
tuned,2,6,Cardiomegaly,0.7741550395408157
tuned,2,6,Effusion,0.7536210025870815
tuned,2,6,Infiltration,0.34501290443306415
tuned,2,6,Mass,0.6710187115653141
tuned,2,6,Nodule,0.4894576407700808
tuned,2,6,Pneumonia,0.5571096195032939
tuned,2,6,Pneumothorax,0.6102684429829173
tuned,2,6,Consolidation,0.5544269257711234
tuned,2,6,Edema,0.7230695630168695
tuned,2,6,Emphysema,0.6711051009718211
tuned,2,6,Fibrosis,0.5594325189458051
tuned,2,6,Pleural_Thickening,0.6063542935348434
tuned,2,6,Hernia,0.782015716590849
tuned,2,7,Atelectasis,0.5695683299565414
tuned,2,7,Cardiomegaly,0.7774365075154572
tuned,2,7,Effusion,0.7412610995984341
tuned,2,7,Infiltration,0.6434386717561784
tuned,2,7,Mass,0.49126632814461074
tuned,2,7,Nodule,0.5649807075268158
tuned,2,7,Pneumonia,0.6183658080028033
tuned,2,7,Pneumothorax,0.7414445473626197
tuned,2,7,Consolidation,0.6720941191679863
tuned,2,7,Edema,0.7719835412405637
tuned,2,7,Emphysema,0.5143199598503146
tuned,2,7,Fibrosis,0.5963879055663138
tuned,2,7,Pleural_Thickening,0.6766256899562605
tuned,2,7,Hernia,0.3256315352848404
tuned,2,8,Atelectasis,0.5979631318902465
tuned,2,8,Cardiomegaly,0.8043955911514707
tuned,2,8,Effusion,0.7227011203741599
tuned,2,8,Infiltration,0.6298504903271418
tuned,2,8,Mass,0.6443142332791125
tuned,2,8,Nodule,0.47341664332324573
tuned,2,8,Pneumonia,0.3942218725254546
tuned,2,8,Pneumothorax,0.6781792804795003
tuned,2,8,Consolidation,0.6871163207241284
tuned,2,8,Edema,0.7392333267968629
tuned,2,8,Emphysema,0.42637548461586516
tuned,2,8,Fibrosis,0.6303809444190905
tuned,2,8,Pleural_Thickening,0.6657210420161105
tuned,2,8,Hernia,0.727265185563345
tuned,2,9,Atelectasis,0.5898841327374612
tuned,2,9,Cardiomegaly,0.7765431219667693
tuned,2,9,Effusion,0.7864504256591698
tuned,2,9,Infiltration,0.47941503435897465
tuned,2,9,Mass,0.6230365973438182
tuned,2,9,Nodule,0.5558725326106884
tuned,2,9,Pneumonia,0.3905210229997578
tuned,2,9,Pneumothorax,0.5755346551932492
tuned,2,9,Consolidation,0.7010442741809646
tuned,2,9,Edema,0.74703708369713
tuned,2,9,Emphysema,0.6568682199938995
tuned,2,9,Fibrosis,0.6225023492387187
tuned,2,9,Pleural_Thickening,0.6892776504601343
tuned,2,9,Hernia,0.49496389924607764
tuned,2,10,Atelectasis,0.5364469075531922
tuned,2,10,Cardiomegaly,0.5676030916540573
tuned,2,10,Effusion,0.4707350579832478
tuned,2,10,Infiltration,0.6782838277964145
tuned,2,10,Mass,0.6468217355033442
tuned,2,10,Nodule,0.6198525764981189
tuned,2,10,Pneumonia,0.6463970979485535
tuned,2,10,Pneumothorax,0.6580474681242521
tuned,2,10,Consolidation,0.6557703252463394
tuned,2,10,Edema,0.7040367780532346
tuned,2,10,Emphysema,0.6287743805219213
tuned,2,10,Fibrosis,0.4572690722322953
tuned,2,10,Pleural_Thickening,0.6751187907424956
tuned,2,10,Hernia,0.6563939813844092
tuned,2,11,Atelectasis,0.5141032667676022
tuned,2,11,Cardiomegaly,0.5971237554474531
tuned,2,11,Effusion,0.7239895242044628
tuned,2,11,Infiltration,0.6722136454290324
tuned,2,11,Mass,0.7021135406967238
tuned,2,11,Nodule,0.6466586883955684
tuned,2,11,Pneumonia,0.6548090680832983
tuned,2,11,Pneumothorax,0.6932321804306795
tuned,2,11,Consolidation,0.6607174419748246
tuned,2,11,Edema,0.7655397134396769
tuned,2,11,Emphysema,0.6053377186033834
tuned,2,11,Fibrosis,0.5304412914166103
tuned,2,11,Pleural_Thickening,0.6493990167149443
tuned,2,11,Hernia,0.7945329237052502
tuned,2,12,Atelectasis,0.554366288802958
tuned,2,12,Cardiomegaly,0.6428861563112728
tuned,2,12,Effusion,0.5538125021506378
tuned,2,12,Infiltration,0.6901311569178523
tuned,2,12,Mass,0.6380819225422335
tuned,2,12,Nodule,0.5920181204059949
tuned,2,12,Pneumonia,0.5634673729677924
tuned,2,12,Pneumothorax,0.5896487897496224
tuned,2,12,Consolidation,0.7255475961027757
tuned,2,12,Edema,0.752143045724984
tuned,2,12,Emphysema,0.6082734645820205
tuned,2,12,Fibrosis,0.4665009294168543
tuned,2,12,Pleural_Thickening,0.6129606963976353
tuned,2,12,Hernia,0.5426811647051316
tuned,2,13,Atelectasis,0.6527310881851939
tuned,2,13,Cardiomegaly,0.6768386020667246
tuned,2,13,Effusion,0.732187048301963
tuned,2,13,Infiltration,0.5767342050222978
tuned,2,13,Mass,0.6115958613169448
tuned,2,13,Nodule,0.49252258760298184
tuned,2,13,Pneumonia,0.3905829394747569
tuned,2,13,Pneumothorax,0.6294985944864531
tuned,2,13,Consolidation,0.5344880042323762
tuned,2,13,Edema,0.7159797639640371
tuned,2,13,Emphysema,0.6258965097128164
tuned,2,13,Fibrosis,0.5383033037354381
tuned,2,13,Pleural_Thickening,0.4160209638866912
tuned,2,13,Hernia,0.6414948994010556
tuned,2,14,Atelectasis,0.6854347179089053
tuned,2,14,Cardiomegaly,0.7854554284938194
tuned,2,14,Effusion,0.7676391473470859
tuned,2,14,Infiltration,0.600438146456053
tuned,2,14,Mass,0.5326832645081704
tuned,2,14,Nodule,0.5274152768753325
tuned,2,14,Pneumonia,0.6263642581121915
tuned,2,14,Pneumothorax,0.6524282530272929
tuned,2,14,Consolidation,0.7209044700013426
tuned,2,14,Edema,0.45556671746124955
tuned,2,14,Emphysema,0.6070406487933456
tuned,2,14,Fibrosis,0.6153296449029171
tuned,2,14,Pleural_Thickening,0.5571820800443539
tuned,2,14,Hernia,0.715220661300174
tuned,2,15,Atelectasis,0.6354879467433701
tuned,2,15,Cardiomegaly,0.8247971737528482
tuned,2,15,Effusion,0.7054846310444614
tuned,2,15,Infiltration,0.680724282529846
tuned,2,15,Mass,0.5997399049817418
tuned,2,15,Nodule,0.48146550369268115
tuned,2,15,Pneumonia,0.6336755828549288
tuned,2,15,Pneumothorax,0.7629712287200127
tuned,2,15,Consolidation,0.6790961671255717
tuned,2,15,Edema,0.7294645535243809
tuned,2,15,Emphysema,0.5503842183149968
tuned,2,15,Fibrosis,0.6198657199360258
tuned,2,15,Pleural_Thickening,0.43391852937370273
tuned,2,15,Hernia,0.4586466319637534
tuned,2,16,Atelectasis,0.6998957656938081
tuned,2,16,Cardiomegaly,0.6717724797509383
tuned,2,16,Effusion,0.7589705951050313
tuned,2,16,Infiltration,0.6846782668568975
tuned,2,16,Mass,0.6436293440646598
tuned,2,16,Nodule,0.5596803823689616
tuned,2,16,Pneumonia,0.5873787169222655
tuned,2,16,Pneumothorax,0.6862883126907436
tuned,2,16,Consolidation,0.7128272529995066
tuned,2,16,Edema,0.7796539541446517
tuned,2,16,Emphysema,0.5799473963249417
tuned,2,16,Fibrosis,0.5675897336098057
tuned,2,16,Pleural_Thickening,0.668395750105931
tuned,2,16,Hernia,0.8273584002625509
tuned,2,17,Atelectasis,0.6075290509945804
tuned,2,17,Cardiomegaly,0.6158304074740488
tuned,2,17,Effusion,0.608799503787604
tuned,2,17,Infiltration,0.6425868980562384
tuned,2,17,Mass,0.7025380926071066
tuned,2,17,Nodule,0.509747513498383
tuned,2,17,Pneumonia,0.61918111954053
tuned,2,17,Pneumothorax,0.5555291210117832
tuned,2,17,Consolidation,0.688108987625026
tuned,2,17,Edema,0.7817747503086565
tuned,2,17,Emphysema,0.5692359159561432
tuned,2,17,Fibrosis,0.6074045446177194
tuned,2,17,Pleural_Thickening,0.6411089332763598
tuned,2,17,Hernia,0.5476689487934508
tuned,2,18,Atelectasis,0.6281276458375296
tuned,2,18,Cardiomegaly,0.8209665314904866
tuned,2,18,Effusion,0.7622221391246051
tuned,2,18,Infiltration,0.3572588481446987
tuned,2,18,Mass,0.5124433914793693
tuned,2,18,Nodule,0.5795658928165207
tuned,2,18,Pneumonia,0.6377175666141761
tuned,2,18,Pneumothorax,0.4816884538925529
tuned,2,18,Consolidation,0.6900537422344365
tuned,2,18,Edema,0.46757600290087825
tuned,2,18,Emphysema,0.6847123747828701
tuned,2,18,Fibrosis,0.5840542309823586
tuned,2,18,Pleural_Thickening,0.5439645694515152
tuned,2,18,Hernia,0.6114793104391347
tuned,2,19,Atelectasis,0.5241465734188061
tuned,2,19,Cardiomegaly,0.6650415000547495
tuned,2,19,Effusion,0.7305646368240635
tuned,2,19,Infiltration,0.4801903172531953
tuned,2,19,Mass,0.6746130815531163
tuned,2,19,Nodule,0.5966780532185791
tuned,2,19,Pneumonia,0.5571128574363269
tuned,2,19,Pneumothorax,0.47369304258317
tuned,2,19,Consolidation,0.3810299631520545
tuned,2,19,Edema,0.7705707872356974
tuned,2,19,Emphysema,0.6682837984735815
tuned,2,19,Fibrosis,0.5533196558987705
tuned,2,19,Pleural_Thickening,0.5901192635548209
tuned,2,19,Hernia,0.8186383816651928
tuned,4,0,Atelectasis,0.4508216418548542
tuned,4,0,Cardiomegaly,0.6718692593714043
tuned,4,0,Effusion,0.6686841358820071
tuned,4,0,Infiltration,0.6654888196624751
tuned,4,0,Mass,0.5372150407001781
tuned,4,0,Nodule,0.5368316774732633
tuned,4,0,Pneumonia,0.6682183201531471
tuned,4,0,Pneumothorax,0.5128920082705086
tuned,4,0,Consolidation,0.6989345152848485
tuned,4,0,Edema,0.7662967243519309
tuned,4,0,Emphysema,0.45017524788028457
tuned,4,0,Fibrosis,0.5670226728375012
tuned,4,0,Pleural_Thickening,0.599825440480227
tuned,4,0,Hernia,0.7790260089522577
tuned,4,1,Atelectasis,0.4875390904270869
tuned,4,1,Cardiomegaly,0.7590338102416905
tuned,4,1,Effusion,0.7127888688602441
tuned,4,1,Infiltration,0.6626778728230224
tuned,4,1,Mass,0.5458959854056623
tuned,4,1,Nodule,0.4742886065163831
tuned,4,1,Pneumonia,0.4314410133147404
tuned,4,1,Pneumothorax,0.6086385594502736
tuned,4,1,Consolidation,0.7214798766939322
tuned,4,1,Edema,0.768437283296835
tuned,4,1,Emphysema,0.604950757752127
tuned,4,1,Fibrosis,0.5245187429734122
tuned,4,1,Pleural_Thickening,0.6628115556834993
tuned,4,1,Hernia,0.7077566480996964
tuned,4,2,Atelectasis,0.6099043184660059
tuned,4,2,Cardiomegaly,0.6522333132196995
tuned,4,2,Effusion,0.7371211242532031
tuned,4,2,Infiltration,0.6394888314858426
tuned,4,2,Mass,0.663721914516576
tuned,4,2,Nodule,0.5953134686668322
tuned,4,2,Pneumonia,0.531769411678361
tuned,4,2,Pneumothorax,0.7502974622537978
tuned,4,2,Consolidation,0.7085873239777618
tuned,4,2,Edema,0.7432974265660415
tuned,4,2,Emphysema,0.6822825698024019
tuned,4,2,Fibrosis,0.6979766167947385
tuned,4,2,Pleural_Thickening,0.6827078489600937
tuned,4,2,Hernia,0.39890831684793016
tuned,4,3,Atelectasis,0.6378418483411616
tuned,4,3,Cardiomegaly,0.7027498722985757
tuned,4,3,Effusion,0.7273906439347131
tuned,4,3,Infiltration,0.6839814985124055
tuned,4,3,Mass,0.5949015892605879
tuned,4,3,Nodule,0.5879814755658443
tuned,4,3,Pneumonia,0.6575522809259481
tuned,4,3,Pneumothorax,0.6797745712870726
tuned,4,3,Consolidation,0.6965983214833519
tuned,4,3,Edema,0.7572787395640139
tuned,4,3,Emphysema,0.6755751737029867
tuned,4,3,Fibrosis,0.5636594126926044
tuned,4,3,Pleural_Thickening,0.5422760408946345
tuned,4,3,Hernia,0.7894599017257254
tuned,4,4,Atelectasis,0.6296275342662628
tuned,4,4,Cardiomegaly,0.8003298363884735
tuned,4,4,Effusion,0.7285170808940469
tuned,4,4,Infiltration,0.4824180941255598
tuned,4,4,Mass,0.5434527129102162
tuned,4,4,Nodule,0.5365254822128787
tuned,4,4,Pneumonia,0.5591010202726987
tuned,4,4,Pneumothorax,0.7028064370941358
tuned,4,4,Consolidation,0.5557595288411716
tuned,4,4,Edema,0.7793931380206763
tuned,4,4,Emphysema,0.7125517502030018
tuned,4,4,Fibrosis,0.6053614264367358
tuned,4,4,Pleural_Thickening,0.6350654865643123
tuned,4,4,Hernia,0.5508336903904534
tuned,4,5,Atelectasis,0.6899066150753588
tuned,4,5,Cardiomegaly,0.8438604324597817
tuned,4,5,Effusion,0.7601012359333927
tuned,4,5,Infiltration,0.6493945251829667
tuned,4,5,Mass,0.6179717683774507
tuned,4,5,Nodule,0.5783599381507935
tuned,4,5,Pneumonia,0.6134667433697025
tuned,4,5,Pneumothorax,0.6861131645200713
tuned,4,5,Consolidation,0.6997364379716984
tuned,4,5,Edema,0.759145139221342
tuned,4,5,Emphysema,0.7076040579679193
tuned,4,5,Fibrosis,0.6520973665228114
tuned,4,5,Pleural_Thickening,0.5485298649409714
tuned,4,5,Hernia,0.8301600831411302
tuned,4,6,Atelectasis,0.6030352276725492
tuned,4,6,Cardiomegaly,0.5715591183508157
tuned,4,6,Effusion,0.759810851116964
tuned,4,6,Infiltration,0.6102082199140978
tuned,4,6,Mass,0.6389587812822168
tuned,4,6,Nodule,0.6008197530909889
tuned,4,6,Pneumonia,0.4099283661281984
tuned,4,6,Pneumothorax,0.7038382543012021
tuned,4,6,Consolidation,0.6885701400856739
tuned,4,6,Edema,0.7703787902855636
tuned,4,6,Emphysema,0.7658519996001758
tuned,4,6,Fibrosis,0.6259941608226927
tuned,4,6,Pleural_Thickening,0.672408536754441
tuned,4,6,Hernia,0.7792142616210698
tuned,4,7,Atelectasis,0.6458051834361034
tuned,4,7,Cardiomegaly,0.8183078093849954
tuned,4,7,Effusion,0.7181491248508499
tuned,4,7,Infiltration,0.4630362610924684
tuned,4,7,Mass,0.5469643698803328
tuned,4,7,Nodule,0.5015380056722778
tuned,4,7,Pneumonia,0.6598149845064905
tuned,4,7,Pneumothorax,0.599862488190569
tuned,4,7,Consolidation,0.7124892397952252
tuned,4,7,Edema,0.698658146614857
tuned,4,7,Emphysema,0.6584880713114689
tuned,4,7,Fibrosis,0.6768648524193847
tuned,4,7,Pleural_Thickening,0.5949602857324918
tuned,4,7,Hernia,0.5125885425688056
tuned,4,8,Atelectasis,0.599118528916076
tuned,4,8,Cardiomegaly,0.8189192277478289
tuned,4,8,Effusion,0.7267831284668335
tuned,4,8,Infiltration,0.6411012810148426
tuned,4,8,Mass,0.6313105978404802
tuned,4,8,Nodule,0.5626942859494914
tuned,4,8,Pneumonia,0.6216488922131669
tuned,4,8,Pneumothorax,0.6394898047597397
tuned,4,8,Consolidation,0.6881411335738894
tuned,4,8,Edema,0.7860876814555222
tuned,4,8,Emphysema,0.7144497383836973
tuned,4,8,Fibrosis,0.44211631118584815
tuned,4,8,Pleural_Thickening,0.6298418674437462
tuned,4,8,Hernia,0.8299984958019199
tuned,4,9,Atelectasis,0.6097098869661242
tuned,4,9,Cardiomegaly,0.7044112017519266
tuned,4,9,Effusion,0.6798467769715418
tuned,4,9,Infiltration,0.6707524686653891
tuned,4,9,Mass,0.5887133097719577
tuned,4,9,Nodule,0.5632508398812497
tuned,4,9,Pneumonia,0.5944141697705851
tuned,4,9,Pneumothorax,0.6996816127475338
tuned,4,9,Consolidation,0.7028066251468432
tuned,4,9,Edema,0.7393480254199316
tuned,4,9,Emphysema,0.5319894358026029
tuned,4,9,Fibrosis,0.5862939223127199
tuned,4,9,Pleural_Thickening,0.5354724808378628
tuned,4,9,Hernia,0.5180939075419579
tuned,4,10,Atelectasis,0.5843873022455841
tuned,4,10,Cardiomegaly,0.7751505442752366
tuned,4,10,Effusion,0.7191019779060229
tuned,4,10,Infiltration,0.6829982402328236
tuned,4,10,Mass,0.5709035634341677
tuned,4,10,Nodule,0.5218455610579976
tuned,4,10,Pneumonia,0.6095946071865563
tuned,4,10,Pneumothorax,0.7175620425187792
tuned,4,10,Consolidation,0.6869681829244658
tuned,4,10,Edema,0.7684447984119664
tuned,4,10,Emphysema,0.704685189135494
tuned,4,10,Fibrosis,0.668828377433238
tuned,4,10,Pleural_Thickening,0.6684265732476812
tuned,4,10,Hernia,0.863359330130455
tuned,4,11,Atelectasis,0.5751890647504587
tuned,4,11,Cardiomegaly,0.783213726435688
tuned,4,11,Effusion,0.6848146376750907
tuned,4,11,Infiltration,0.6511486283953217
tuned,4,11,Mass,0.6323907487696678
tuned,4,11,Nodule,0.5460928536388197
tuned,4,11,Pneumonia,0.5772041599524528
tuned,4,11,Pneumothorax,0.7842778600914089
tuned,4,11,Consolidation,0.6797375685823683
tuned,4,11,Edema,0.7080327816771415
tuned,4,11,Emphysema,0.7211587587217413
tuned,4,11,Fibrosis,0.6507458404655627
tuned,4,11,Pleural_Thickening,0.7057010003549581
tuned,4,11,Hernia,0.42954108284029063
tuned,4,12,Atelectasis,0.5340937507204235
tuned,4,12,Cardiomegaly,0.687420342744406
tuned,4,12,Effusion,0.7549233765918976
tuned,4,12,Infiltration,0.6594445722883375
tuned,4,12,Mass,0.6665664938777014
tuned,4,12,Nodule,0.5120996410549052
tuned,4,12,Pneumonia,0.3992371070003752
tuned,4,12,Pneumothorax,0.7087495458068471
tuned,4,12,Consolidation,0.44678310566471857
tuned,4,12,Edema,0.7324227701415492
tuned,4,12,Emphysema,0.6287990054730868
tuned,4,12,Fibrosis,0.6950097007455891
tuned,4,12,Pleural_Thickening,0.6676549392394122
tuned,4,12,Hernia,0.756141686342793
tuned,4,13,Atelectasis,0.5562915883792223
tuned,4,13,Cardiomegaly,0.7400198471640977
tuned,4,13,Effusion,0.7220670846447184
tuned,4,13,Infiltration,0.6180582809387969
tuned,4,13,Mass,0.6452060129869033
tuned,4,13,Nodule,0.6209030882684075
tuned,4,13,Pneumonia,0.6354622743025762
tuned,4,13,Pneumothorax,0.7018735053353224
tuned,4,13,Consolidation,0.6862437812069105
tuned,4,13,Edema,0.7649767590134822
tuned,4,13,Emphysema,0.6480170342679625
tuned,4,13,Fibrosis,0.5256167750948262
tuned,4,13,Pleural_Thickening,0.5862465674594423
tuned,4,13,Hernia,0.7893160912729162
tuned,4,14,Atelectasis,0.659341294557122
tuned,4,14,Cardiomegaly,0.8125044456648318
tuned,4,14,Effusion,0.7443788375428554
tuned,4,14,Infiltration,0.6434138997859433
tuned,4,14,Mass,0.5608749938588943
tuned,4,14,Nodule,0.5034033589698454
tuned,4,14,Pneumonia,0.6494060731391509
tuned,4,14,Pneumothorax,0.5612119251956048
tuned,4,14,Consolidation,0.6906264266574828
tuned,4,14,Edema,0.7473035744998779
tuned,4,14,Emphysema,0.6790200904876409
tuned,4,14,Fibrosis,0.4981793571240293
tuned,4,14,Pleural_Thickening,0.6216935203673704
tuned,4,14,Hernia,0.4905456592489949
tuned,4,15,Atelectasis,0.5843675352253017
tuned,4,15,Cardiomegaly,0.801553035441784
tuned,4,15,Effusion,0.7269698571517103
tuned,4,15,Infiltration,0.6286873749477354
tuned,4,15,Mass,0.6090788115924117
tuned,4,15,Nodule,0.5562410669489313
tuned,4,15,Pneumonia,0.6279662794458529
tuned,4,15,Pneumothorax,0.5679473774942578
tuned,4,15,Consolidation,0.698260956295063
tuned,4,15,Edema,0.7913198667436436
tuned,4,15,Emphysema,0.6837347138141943
tuned,4,15,Fibrosis,0.6033496466662738
tuned,4,15,Pleural_Thickening,0.6461756996361224
tuned,4,15,Hernia,0.5557088875315653
tuned,4,16,Atelectasis,0.5574916508082962
tuned,4,16,Cardiomegaly,0.8063063927220504
tuned,4,16,Effusion,0.7423965800028471
tuned,4,16,Infiltration,0.6155493044165115
tuned,4,16,Mass,0.665354657011569
tuned,4,16,Nodule,0.6028427724669406
tuned,4,16,Pneumonia,0.4874342654622995
tuned,4,16,Pneumothorax,0.6393601065861751
tuned,4,16,Consolidation,0.6968649069684656
tuned,4,16,Edema,0.7452438852049732
tuned,4,16,Emphysema,0.736464538072695
tuned,4,16,Fibrosis,0.4546749736295955
tuned,4,16,Pleural_Thickening,0.6539920226202861
tuned,4,16,Hernia,0.43699894250316784
tuned,4,17,Atelectasis,0.6204108894594744
tuned,4,17,Cardiomegaly,0.7313741947125109
tuned,4,17,Effusion,0.718878137260302
tuned,4,17,Infiltration,0.6351971758140119
tuned,4,17,Mass,0.6807625353401443
tuned,4,17,Nodule,0.5331638753897991
tuned,4,17,Pneumonia,0.36130670025482536
tuned,4,17,Pneumothorax,0.6887705370782385
tuned,4,17,Consolidation,0.7019593274395619
tuned,4,17,Edema,0.7554250038616298
tuned,4,17,Emphysema,0.6635290545859557
tuned,4,17,Fibrosis,0.6222490380341406
tuned,4,17,Pleural_Thickening,0.6005104369519344
tuned,4,17,Hernia,0.4843745726709999
tuned,4,18,Atelectasis,0.6131105250561979
tuned,4,18,Cardiomegaly,0.6556315460448067
tuned,4,18,Effusion,0.6703499189842664
tuned,4,18,Infiltration,0.6691419589076175
tuned,4,18,Mass,0.4436966035655259
tuned,4,18,Nodule,0.6618877485887993
tuned,4,18,Pneumonia,0.6233398487741365
tuned,4,18,Pneumothorax,0.6237317303079808
tuned,4,18,Consolidation,0.6333656067075795
tuned,4,18,Edema,0.8040334477398237
tuned,4,18,Emphysema,0.6722068948444389
tuned,4,18,Fibrosis,0.6269431299214667
tuned,4,18,Pleural_Thickening,0.6423503921086461
tuned,4,18,Hernia,0.8003730867056238
tuned,4,19,Atelectasis,0.5338437693156346
tuned,4,19,Cardiomegaly,0.762259403479787
tuned,4,19,Effusion,0.7688403414017405
tuned,4,19,Infiltration,0.5561654503265399
tuned,4,19,Mass,0.7074410218761539
tuned,4,19,Nodule,0.5433974178025653
tuned,4,19,Pneumonia,0.581504782606975
tuned,4,19,Pneumothorax,0.7059826596192853
tuned,4,19,Consolidation,0.7129632853877954
tuned,4,19,Edema,0.7668260469946659
tuned,4,19,Emphysema,0.4131870403381344
tuned,4,19,Fibrosis,0.5046559467374934
tuned,4,19,Pleural_Thickening,0.4183721989358127
tuned,4,19,Hernia,0.7919420564666843
tuned,8,0,Atelectasis,0.6140592053756238
tuned,8,0,Cardiomegaly,0.7083994565390471
tuned,8,0,Effusion,0.7608577426716205
tuned,8,0,Infiltration,0.6769556765129342
tuned,8,0,Mass,0.6394009648828546
tuned,8,0,Nodule,0.5311576005651665
tuned,8,0,Pneumonia,0.6430316982850828
tuned,8,0,Pneumothorax,0.7718669590630117
tuned,8,0,Consolidation,0.7094625625962713
tuned,8,0,Edema,0.7830687961683868
tuned,8,0,Emphysema,0.6068570351506523
tuned,8,0,Fibrosis,0.6765733046993454
tuned,8,0,Pleural_Thickening,0.5100721368852327
tuned,8,0,Hernia,0.7436985495883967
tuned,8,1,Atelectasis,0.7022414885417628
tuned,8,1,Cardiomegaly,0.6991125985783865
tuned,8,1,Effusion,0.7837184234580649
tuned,8,1,Infiltration,0.6517259202677778
tuned,8,1,Mass,0.6452246522023157
tuned,8,1,Nodule,0.4466556633246701
tuned,8,1,Pneumonia,0.6244334786445724
tuned,8,1,Pneumothorax,0.5874400017083635
tuned,8,1,Consolidation,0.5903298382867634
tuned,8,1,Edema,0.7713125488181221
tuned,8,1,Emphysema,0.6548107390476189
tuned,8,1,Fibrosis,0.6771160165316967
tuned,8,1,Pleural_Thickening,0.6496122742151199
tuned,8,1,Hernia,0.8456900166829241
tuned,8,2,Atelectasis,0.6194549118093673
tuned,8,2,Cardiomegaly,0.8468628509395899
tuned,8,2,Effusion,0.7619689995624286
tuned,8,2,Infiltration,0.6681237721500042
tuned,8,2,Mass,0.6463499018766452
tuned,8,2,Nodule,0.5847997280983004
tuned,8,2,Pneumonia,0.63684976458428
tuned,8,2,Pneumothorax,0.6938762367533304
tuned,8,2,Consolidation,0.6972540756719111
tuned,8,2,Edema,0.7932430570086118
tuned,8,2,Emphysema,0.6752044925768375
tuned,8,2,Fibrosis,0.6044130512145461
tuned,8,2,Pleural_Thickening,0.6221699284276989
tuned,8,2,Hernia,0.8175567265003236
tuned,8,3,Atelectasis,0.5982426032568533
tuned,8,3,Cardiomegaly,0.8469669533924222
tuned,8,3,Effusion,0.7637046796772791
tuned,8,3,Infiltration,0.5787106597600287
tuned,8,3,Mass,0.6968726347147494
tuned,8,3,Nodule,0.5989751666352723
tuned,8,3,Pneumonia,0.6182254975713705
tuned,8,3,Pneumothorax,0.5775813859720936
tuned,8,3,Consolidation,0.6959217853732574
tuned,8,3,Edema,0.6764350309532912
tuned,8,3,Emphysema,0.6191425147672229
tuned,8,3,Fibrosis,0.6533457407856622
tuned,8,3,Pleural_Thickening,0.6418942883233532
tuned,8,3,Hernia,0.7098812139334325
tuned,8,4,Atelectasis,0.6889293603768036
tuned,8,4,Cardiomegaly,0.8511599805075357
tuned,8,4,Effusion,0.7375357590327509
tuned,8,4,Infiltration,0.6892356040088201
tuned,8,4,Mass,0.6818773019550978
tuned,8,4,Nodule,0.5893099494581846
tuned,8,4,Pneumonia,0.5877041291920889
tuned,8,4,Pneumothorax,0.7291500326904524
tuned,8,4,Consolidation,0.6804160160732062
tuned,8,4,Edema,0.7909643557870221
tuned,8,4,Emphysema,0.5911149703684733
tuned,8,4,Fibrosis,0.5746539412619511
tuned,8,4,Pleural_Thickening,0.6700123460725753
tuned,8,4,Hernia,0.4874185226039948
tuned,8,5,Atelectasis,0.5967277375351855
tuned,8,5,Cardiomegaly,0.7429602885470559
tuned,8,5,Effusion,0.747497744367933
tuned,8,5,Infiltration,0.622177632862405
tuned,8,5,Mass,0.6360409764319717
tuned,8,5,Nodule,0.6160654164770858
tuned,8,5,Pneumonia,0.6528629983763565
tuned,8,5,Pneumothorax,0.6101532675357011
tuned,8,5,Consolidation,0.7038412613352119
tuned,8,5,Edema,0.7773298774028375
tuned,8,5,Emphysema,0.7370882457061572
tuned,8,5,Fibrosis,0.6299897624813443
tuned,8,5,Pleural_Thickening,0.6799241596865578
tuned,8,5,Hernia,0.836299262487123
tuned,8,6,Atelectasis,0.6410283630708442
tuned,8,6,Cardiomegaly,0.8019552381955275
tuned,8,6,Effusion,0.7394970177342983
tuned,8,6,Infiltration,0.6186520860585301
tuned,8,6,Mass,0.6757778885842218
tuned,8,6,Nodule,0.5365569665956353
tuned,8,6,Pneumonia,0.6436212539363372
tuned,8,6,Pneumothorax,0.6946293403417693
tuned,8,6,Consolidation,0.7109397471393871
tuned,8,6,Edema,0.7643730958878296
tuned,8,6,Emphysema,0.715587060142644
tuned,8,6,Fibrosis,0.5620338354331438
tuned,8,6,Pleural_Thickening,0.6931788619867083
tuned,8,6,Hernia,0.7086960881733566
tuned,8,7,Atelectasis,0.6209049693086434
tuned,8,7,Cardiomegaly,0.7802796925310503
tuned,8,7,Effusion,0.7387284479426285
tuned,8,7,Infiltration,0.6556675521988239
tuned,8,7,Mass,0.6778279743869833
tuned,8,7,Nodule,0.6729159182700377
tuned,8,7,Pneumonia,0.5637474901521865
tuned,8,7,Pneumothorax,0.680100853993582
tuned,8,7,Consolidation,0.688980855262952
tuned,8,7,Edema,0.7842807673305019
tuned,8,7,Emphysema,0.6643646040093154
tuned,8,7,Fibrosis,0.6824778997965744
tuned,8,7,Pleural_Thickening,0.6452062823108548
tuned,8,7,Hernia,0.7391911972505083
tuned,8,8,Atelectasis,0.661395076348869
tuned,8,8,Cardiomegaly,0.726854576901811
tuned,8,8,Effusion,0.7468713627561238
tuned,8,8,Infiltration,0.6856997033611147
tuned,8,8,Mass,0.6472648666574039
tuned,8,8,Nodule,0.5300160668017899
tuned,8,8,Pneumonia,0.586810567606063
tuned,8,8,Pneumothorax,0.6531791884340516
tuned,8,8,Consolidation,0.6749906139621382
tuned,8,8,Edema,0.7742514408535244
tuned,8,8,Emphysema,0.6931636430873395
tuned,8,8,Fibrosis,0.6681380644283001
tuned,8,8,Pleural_Thickening,0.7114960908993233
tuned,8,8,Hernia,0.7500136745280008
tuned,8,9,Atelectasis,0.6611440222091389
tuned,8,9,Cardiomegaly,0.7294143454209776
tuned,8,9,Effusion,0.7392082683254546
tuned,8,9,Infiltration,0.6546290146378664
tuned,8,9,Mass,0.6473781532658784
tuned,8,9,Nodule,0.5294273602473145
tuned,8,9,Pneumonia,0.6442415699514059
tuned,8,9,Pneumothorax,0.7634035968743166
tuned,8,9,Consolidation,0.7182180880794364
tuned,8,9,Edema,0.7874016215558917
tuned,8,9,Emphysema,0.7141540149367972
tuned,8,9,Fibrosis,0.5512715126082284
tuned,8,9,Pleural_Thickening,0.7156921527000267
tuned,8,9,Hernia,0.8181401730283608
tuned,8,10,Atelectasis,0.7024755634055155
tuned,8,10,Cardiomegaly,0.7970101142426687
tuned,8,10,Effusion,0.738431859856049
tuned,8,10,Infiltration,0.6440031157932243
tuned,8,10,Mass,0.6412257728581552
tuned,8,10,Nodule,0.5666288699864366
tuned,8,10,Pneumonia,0.5534846815187058
tuned,8,10,Pneumothorax,0.6255307238298631
tuned,8,10,Consolidation,0.5426125076353868
tuned,8,10,Edema,0.7624216198688251
tuned,8,10,Emphysema,0.713516099882685
tuned,8,10,Fibrosis,0.6850127477892944
tuned,8,10,Pleural_Thickening,0.6706334601071443
tuned,8,10,Hernia,0.8172823243051062
tuned,8,11,Atelectasis,0.6354152535775266
tuned,8,11,Cardiomegaly,0.8389610380694603
tuned,8,11,Effusion,0.7433928354423973
tuned,8,11,Infiltration,0.6700154857563355
tuned,8,11,Mass,0.6465592991885296
tuned,8,11,Nodule,0.5106480568006022
tuned,8,11,Pneumonia,0.6368646950532658
tuned,8,11,Pneumothorax,0.6841395219183941
tuned,8,11,Consolidation,0.6635103283485682
tuned,8,11,Edema,0.7630506985441929
tuned,8,11,Emphysema,0.724212626054453
tuned,8,11,Fibrosis,0.6961669834769828
tuned,8,11,Pleural_Thickening,0.6301226210053397
tuned,8,11,Hernia,0.4313734695924079
tuned,8,12,Atelectasis,0.6795329880548027
tuned,8,12,Cardiomegaly,0.7925708187494869
tuned,8,12,Effusion,0.7243869333743358
tuned,8,12,Infiltration,0.5958625746148538
tuned,8,12,Mass,0.678778754288219
tuned,8,12,Nodule,0.5414352725168659
tuned,8,12,Pneumonia,0.6470288906373728
tuned,8,12,Pneumothorax,0.6910062514814204
tuned,8,12,Consolidation,0.6832103388785385
tuned,8,12,Edema,0.7700233669687685
tuned,8,12,Emphysema,0.5449805070828193
tuned,8,12,Fibrosis,0.6106109756615671
tuned,8,12,Pleural_Thickening,0.6519693769313882
tuned,8,12,Hernia,0.789829569799349
tuned,8,13,Atelectasis,0.622847056845099
tuned,8,13,Cardiomegaly,0.7354085604596877
tuned,8,13,Effusion,0.7130056552086698
tuned,8,13,Infiltration,0.6809868108320318
tuned,8,13,Mass,0.6896389399261684
tuned,8,13,Nodule,0.5464707433365102
tuned,8,13,Pneumonia,0.6072408457337175
tuned,8,13,Pneumothorax,0.7465519979466911
tuned,8,13,Consolidation,0.6971765894549934
tuned,8,13,Edema,0.7673525213430366
tuned,8,13,Emphysema,0.6897231322833334
tuned,8,13,Fibrosis,0.4336258860752843
tuned,8,13,Pleural_Thickening,0.6112705578101351
tuned,8,13,Hernia,0.8611625172071145
tuned,8,14,Atelectasis,0.6358498068865294
tuned,8,14,Cardiomegaly,0.7870202071652159
tuned,8,14,Effusion,0.7579990655927018
tuned,8,14,Infiltration,0.672324787602608
tuned,8,14,Mass,0.6485879390986545
tuned,8,14,Nodule,0.505989319109486
tuned,8,14,Pneumonia,0.559734719744304
tuned,8,14,Pneumothorax,0.6774963277956882
tuned,8,14,Consolidation,0.6523603872480553
tuned,8,14,Edema,0.7193657067549492
tuned,8,14,Emphysema,0.6993202355974933
tuned,8,14,Fibrosis,0.6466628932662162
tuned,8,14,Pleural_Thickening,0.6948679987773785
tuned,8,14,Hernia,0.7664905691338555
tuned,8,15,Atelectasis,0.714301017596365
tuned,8,15,Cardiomegaly,0.8205858967664469
tuned,8,15,Effusion,0.7538682874926366
tuned,8,15,Infiltration,0.6615686805645874
tuned,8,15,Mass,0.6785870126552837
tuned,8,15,Nodule,0.5356300920688167
tuned,8,15,Pneumonia,0.648504092927239
tuned,8,15,Pneumothorax,0.7182171279316373
tuned,8,15,Consolidation,0.7150714225063113
tuned,8,15,Edema,0.7609259366780343
tuned,8,15,Emphysema,0.5974323064946507
tuned,8,15,Fibrosis,0.5511385756189907
tuned,8,15,Pleural_Thickening,0.701123790638917
tuned,8,15,Hernia,0.7420496294202912
tuned,8,16,Atelectasis,0.6603349340861773
tuned,8,16,Cardiomegaly,0.8243519493589528
tuned,8,16,Effusion,0.7657805194431813
tuned,8,16,Infiltration,0.6791710757974593
tuned,8,16,Mass,0.6692477102311589
tuned,8,16,Nodule,0.5914367387895486
tuned,8,16,Pneumonia,0.6263308354478835
tuned,8,16,Pneumothorax,0.7287491890795972
tuned,8,16,Consolidation,0.7091251517665269
tuned,8,16,Edema,0.7658220670510403
tuned,8,16,Emphysema,0.6445702878811748
tuned,8,16,Fibrosis,0.5923094809655702
tuned,8,16,Pleural_Thickening,0.6175289078314358
tuned,8,16,Hernia,0.7509070770240581
tuned,8,17,Atelectasis,0.5817636248918946
tuned,8,17,Cardiomegaly,0.8227743557309154
tuned,8,17,Effusion,0.7587126569801595
tuned,8,17,Infiltration,0.6504441597468616
tuned,8,17,Mass,0.6001696744331184
tuned,8,17,Nodule,0.5498290218105555
tuned,8,17,Pneumonia,0.5022488524225674
tuned,8,17,Pneumothorax,0.5032081725231163
tuned,8,17,Consolidation,0.6871811686598893
tuned,8,17,Edema,0.7313444058950929
tuned,8,17,Emphysema,0.6039318187189879
tuned,8,17,Fibrosis,0.7021355345140513
tuned,8,17,Pleural_Thickening,0.5804007609505607
tuned,8,17,Hernia,0.8194604487068454
tuned,8,18,Atelectasis,0.5977493433324803
tuned,8,18,Cardiomegaly,0.7191997570650364
tuned,8,18,Effusion,0.7502532472222371
tuned,8,18,Infiltration,0.6512234985263785
tuned,8,18,Mass,0.6905205844106496
tuned,8,18,Nodule,0.5430283308812782
tuned,8,18,Pneumonia,0.6385495355185064
tuned,8,18,Pneumothorax,0.7489195541596648
tuned,8,18,Consolidation,0.7158632438355365
tuned,8,18,Edema,0.764032417971861
tuned,8,18,Emphysema,0.6416786017090201
tuned,8,18,Fibrosis,0.6561946124429935
tuned,8,18,Pleural_Thickening,0.6787734350242984
tuned,8,18,Hernia,0.723938628718332
tuned,8,19,Atelectasis,0.6187278571622132
tuned,8,19,Cardiomegaly,0.5762292165526676
tuned,8,19,Effusion,0.7604016536421234
tuned,8,19,Infiltration,0.6477136126460589
tuned,8,19,Mass,0.6795566116871383
tuned,8,19,Nodule,0.5494293629110732
tuned,8,19,Pneumonia,0.6151067204739182
tuned,8,19,Pneumothorax,0.5837407401255893
tuned,8,19,Consolidation,0.6926890149936814
tuned,8,19,Edema,0.7682551677371506
tuned,8,19,Emphysema,0.6374272971186866
tuned,8,19,Fibrosis,0.6760953710974884
tuned,8,19,Pleural_Thickening,0.7072993135294557
tuned,8,19,Hernia,0.7588959641909694
tuned,16,0,Atelectasis,0.652323585561742
tuned,16,0,Cardiomegaly,0.7855474978549251
tuned,16,0,Effusion,0.7719812108791537
tuned,16,0,Infiltration,0.6849403249115128
tuned,16,0,Mass,0.6301418806522161
tuned,16,0,Nodule,0.5347194866148837
tuned,16,0,Pneumonia,0.6422969753028456
tuned,16,0,Pneumothorax,0.6250611447688362
tuned,16,0,Consolidation,0.6957837489312196
tuned,16,0,Edema,0.8159483012662858
tuned,16,0,Emphysema,0.7208318760303414
tuned,16,0,Fibrosis,0.6708513038103578
tuned,16,0,Pleural_Thickening,0.6995284828549091
tuned,16,0,Hernia,0.7790369485746583
tuned,16,1,Atelectasis,0.5788211881084722
tuned,16,1,Cardiomegaly,0.836779615889219
tuned,16,1,Effusion,0.760632364025036
tuned,16,1,Infiltration,0.5558435364740139
tuned,16,1,Mass,0.6516396368457131
tuned,16,1,Nodule,0.6377686552742547
tuned,16,1,Pneumonia,0.6648342843862193
tuned,16,1,Pneumothorax,0.6211508986540337
tuned,16,1,Consolidation,0.7230670293424747
tuned,16,1,Edema,0.7784912146551318
tuned,16,1,Emphysema,0.6745832119666135
tuned,16,1,Fibrosis,0.6949098837966257
tuned,16,1,Pleural_Thickening,0.6818776992834183
tuned,16,1,Hernia,0.7396456473977373
tuned,16,2,Atelectasis,0.5906154168300196
tuned,16,2,Cardiomegaly,0.7832999794846273
tuned,16,2,Effusion,0.7393486826776521
tuned,16,2,Infiltration,0.669742208938251
tuned,16,2,Mass,0.5952385464540104
tuned,16,2,Nodule,0.5247335399582694
tuned,16,2,Pneumonia,0.660358345646473
tuned,16,2,Pneumothorax,0.7471052115478501
tuned,16,2,Consolidation,0.7157436956581422
tuned,16,2,Edema,0.773363999969326
tuned,16,2,Emphysema,0.640472613861835
tuned,16,2,Fibrosis,0.5932443797575796
tuned,16,2,Pleural_Thickening,0.5690444278647069
tuned,16,2,Hernia,0.8007628107536489
tuned,16,3,Atelectasis,0.6196053816747874
tuned,16,3,Cardiomegaly,0.8317198629120013
tuned,16,3,Effusion,0.7539726613579252
tuned,16,3,Infiltration,0.6776418055061424
tuned,16,3,Mass,0.6460032292620617
tuned,16,3,Nodule,0.6400366102972849
tuned,16,3,Pneumonia,0.5937200288823626
tuned,16,3,Pneumothorax,0.7190529251511775
tuned,16,3,Consolidation,0.7269585426150447
tuned,16,3,Edema,0.7857973088000245
tuned,16,3,Emphysema,0.7010408270488677
tuned,16,3,Fibrosis,0.6362999752855976
tuned,16,3,Pleural_Thickening,0.7122916070284491
tuned,16,3,Hernia,0.8116283627943441
tuned,16,4,Atelectasis,0.6096957705942253
tuned,16,4,Cardiomegaly,0.8492780888689021
tuned,16,4,Effusion,0.7563915675965118
tuned,16,4,Infiltration,0.6395651459487232
tuned,16,4,Mass,0.6814690623567875
tuned,16,4,Nodule,0.509183994450113
tuned,16,4,Pneumonia,0.624818396928137
tuned,16,4,Pneumothorax,0.7141740827343764
tuned,16,4,Consolidation,0.7235300700156143
tuned,16,4,Edema,0.7747865039049021
tuned,16,4,Emphysema,0.7727649832372974
tuned,16,4,Fibrosis,0.6307169872001323
tuned,16,4,Pleural_Thickening,0.6969622371611597
tuned,16,4,Hernia,0.869453611442845
tuned,16,5,Atelectasis,0.7035787790508068
tuned,16,5,Cardiomegaly,0.8470862736062656
tuned,16,5,Effusion,0.7731934734133584
tuned,16,5,Infiltration,0.669529904756057
tuned,16,5,Mass,0.6929720730338674
tuned,16,5,Nodule,0.569056675718491
tuned,16,5,Pneumonia,0.6586576393093705
tuned,16,5,Pneumothorax,0.68956235702785
tuned,16,5,Consolidation,0.7122890197663412
tuned,16,5,Edema,0.7864350638182261
tuned,16,5,Emphysema,0.5749803999204085
tuned,16,5,Fibrosis,0.6937620574077652
tuned,16,5,Pleural_Thickening,0.7076214090995137
tuned,16,5,Hernia,0.7534035900194178
tuned,16,6,Atelectasis,0.5933790348482113
tuned,16,6,Cardiomegaly,0.7158310444079057
tuned,16,6,Effusion,0.7750662099118537
tuned,16,6,Infiltration,0.6630081167753699
tuned,16,6,Mass,0.6555156700867508
tuned,16,6,Nodule,0.636642850851488
tuned,16,6,Pneumonia,0.5950084743902881
tuned,16,6,Pneumothorax,0.6997813163775526
tuned,16,6,Consolidation,0.7201247309152398
tuned,16,6,Edema,0.795793595062372
tuned,16,6,Emphysema,0.7551715291206009
tuned,16,6,Fibrosis,0.5995632266137112
tuned,16,6,Pleural_Thickening,0.6771754438559245
tuned,16,6,Hernia,0.7941126598780232
tuned,16,7,Atelectasis,0.7188170745457723
tuned,16,7,Cardiomegaly,0.7999278243334897
tuned,16,7,Effusion,0.7686869309422437
tuned,16,7,Infiltration,0.673184790635033
tuned,16,7,Mass,0.6702347970211031
tuned,16,7,Nodule,0.571338895094525
tuned,16,7,Pneumonia,0.5966251383766659
tuned,16,7,Pneumothorax,0.6817161575271536
tuned,16,7,Consolidation,0.7096889627492745
tuned,16,7,Edema,0.7648256898623726
tuned,16,7,Emphysema,0.6643349196481683
tuned,16,7,Fibrosis,0.6349852695765706
tuned,16,7,Pleural_Thickening,0.6833606448194098
tuned,16,7,Hernia,0.7914417966506523
tuned,16,8,Atelectasis,0.5978226446092139
tuned,16,8,Cardiomegaly,0.842424852197973
tuned,16,8,Effusion,0.7779465933096306
tuned,16,8,Infiltration,0.6902120353013508
tuned,16,8,Mass,0.6031881118556349
tuned,16,8,Nodule,0.45586073303507735
tuned,16,8,Pneumonia,0.6709265633190397
tuned,16,8,Pneumothorax,0.7132550927928578
tuned,16,8,Consolidation,0.6973530388579071
tuned,16,8,Edema,0.7890637985072748
tuned,16,8,Emphysema,0.7503490339458033
tuned,16,8,Fibrosis,0.5397383836598055
tuned,16,8,Pleural_Thickening,0.7134551761572069
tuned,16,8,Hernia,0.8194966862060478
tuned,16,9,Atelectasis,0.6718134234343226
tuned,16,9,Cardiomegaly,0.8203310469441992
tuned,16,9,Effusion,0.7276813209713062
tuned,16,9,Infiltration,0.6690026816539494
tuned,16,9,Mass,0.6186792789305572
tuned,16,9,Nodule,0.6154979907952002
tuned,16,9,Pneumonia,0.6385317988408918
tuned,16,9,Pneumothorax,0.7802570858018217
tuned,16,9,Consolidation,0.7143318919205704
tuned,16,9,Edema,0.7848051821429471
tuned,16,9,Emphysema,0.7193374458059713
tuned,16,9,Fibrosis,0.7066809745240651
tuned,16,9,Pleural_Thickening,0.6539767273294003
tuned,16,9,Hernia,0.7934763385083825
tuned,16,10,Atelectasis,0.622560322311344
tuned,16,10,Cardiomegaly,0.8567218242487431
tuned,16,10,Effusion,0.7565555902619691
tuned,16,10,Infiltration,0.6696210824010786
tuned,16,10,Mass,0.6419696622660527
tuned,16,10,Nodule,0.5548097098042034
tuned,16,10,Pneumonia,0.6331805388712062
tuned,16,10,Pneumothorax,0.7105368393294739
tuned,16,10,Consolidation,0.7029297412349582
tuned,16,10,Edema,0.7569258358922337
tuned,16,10,Emphysema,0.691316080981775
tuned,16,10,Fibrosis,0.7413257244038051
tuned,16,10,Pleural_Thickening,0.6380250448491918
tuned,16,10,Hernia,0.7345053923222082
tuned,16,11,Atelectasis,0.6681063316191576
tuned,16,11,Cardiomegaly,0.8613000819280011
tuned,16,11,Effusion,0.7646120950602652
tuned,16,11,Infiltration,0.6867942885543892
tuned,16,11,Mass,0.6761239614814496
tuned,16,11,Nodule,0.5402322092740449
tuned,16,11,Pneumonia,0.6742646564139316
tuned,16,11,Pneumothorax,0.7900065151814035
tuned,16,11,Consolidation,0.6916024703379772
tuned,16,11,Edema,0.772643556774723
tuned,16,11,Emphysema,0.6835938157804976
tuned,16,11,Fibrosis,0.7221295317922691
tuned,16,11,Pleural_Thickening,0.6854768153980753
tuned,16,11,Hernia,0.8236391565551129
tuned,16,12,Atelectasis,0.7069737118308439
tuned,16,12,Cardiomegaly,0.8237388528470351
tuned,16,12,Effusion,0.7327318748546332
tuned,16,12,Infiltration,0.6704516529739531
tuned,16,12,Mass,0.6509667299840254
tuned,16,12,Nodule,0.6406098573772881
tuned,16,12,Pneumonia,0.6423938254775683
tuned,16,12,Pneumothorax,0.6289398336129197
tuned,16,12,Consolidation,0.7025195357592114
tuned,16,12,Edema,0.7759038678741973
tuned,16,12,Emphysema,0.6533363037608517
tuned,16,12,Fibrosis,0.6934530131698985
tuned,16,12,Pleural_Thickening,0.6399886381928099
tuned,16,12,Hernia,0.8540745535266608
tuned,16,13,Atelectasis,0.6919291030707373
tuned,16,13,Cardiomegaly,0.8327261802660881
tuned,16,13,Effusion,0.7316268622473325
tuned,16,13,Infiltration,0.6868927886258667
tuned,16,13,Mass,0.6181774474417304
tuned,16,13,Nodule,0.5376420597838825
tuned,16,13,Pneumonia,0.6535365963783359
tuned,16,13,Pneumothorax,0.7353589441135217
tuned,16,13,Consolidation,0.661572385205079
tuned,16,13,Edema,0.7509614417627876
tuned,16,13,Emphysema,0.7879511663508239
tuned,16,13,Fibrosis,0.644204929449746
tuned,16,13,Pleural_Thickening,0.7043595049535096
tuned,16,13,Hernia,0.7362242804919183
tuned,16,14,Atelectasis,0.6189295928254831
tuned,16,14,Cardiomegaly,0.8177334056513882
tuned,16,14,Effusion,0.7393266226185954
tuned,16,14,Infiltration,0.6594726233956497
tuned,16,14,Mass,0.6890791397577487
tuned,16,14,Nodule,0.6350447806873717
tuned,16,14,Pneumonia,0.6349923063113431
tuned,16,14,Pneumothorax,0.7037255497629197
tuned,16,14,Consolidation,0.707606831992992
tuned,16,14,Edema,0.7476273598392685
tuned,16,14,Emphysema,0.7218714820998261
tuned,16,14,Fibrosis,0.6279575624929477
tuned,16,14,Pleural_Thickening,0.6473239734739943
tuned,16,14,Hernia,0.7767813351809141
tuned,16,15,Atelectasis,0.69822605034177
tuned,16,15,Cardiomegaly,0.8269393691982524
tuned,16,15,Effusion,0.761149603968879
tuned,16,15,Infiltration,0.6014570805714126
tuned,16,15,Mass,0.669982771799582
tuned,16,15,Nodule,0.5813802028617171
tuned,16,15,Pneumonia,0.6449862225949443
tuned,16,15,Pneumothorax,0.731270023464635
tuned,16,15,Consolidation,0.7147486308432214
tuned,16,15,Edema,0.8109597985160386
tuned,16,15,Emphysema,0.7275488868756629
tuned,16,15,Fibrosis,0.580434233421821
tuned,16,15,Pleural_Thickening,0.6140030838884272
tuned,16,15,Hernia,0.8064213304404111
tuned,16,16,Atelectasis,0.63663439975622
tuned,16,16,Cardiomegaly,0.836576578919938
tuned,16,16,Effusion,0.6996118208859778
tuned,16,16,Infiltration,0.666255163654216
tuned,16,16,Mass,0.6307476311644227
tuned,16,16,Nodule,0.6704368251210112
tuned,16,16,Pneumonia,0.645145205106868
tuned,16,16,Pneumothorax,0.719250213320441
tuned,16,16,Consolidation,0.7183872626514002
tuned,16,16,Edema,0.745725049762989
tuned,16,16,Emphysema,0.6696368265901979
tuned,16,16,Fibrosis,0.7015155273601227
tuned,16,16,Pleural_Thickening,0.5694429104430486
tuned,16,16,Hernia,0.742626010775528
tuned,16,17,Atelectasis,0.6194881460944188
tuned,16,17,Cardiomegaly,0.8249754770930171
tuned,16,17,Effusion,0.7360403864262031
tuned,16,17,Infiltration,0.6737585724452659
tuned,16,17,Mass,0.7016528618128391
tuned,16,17,Nodule,0.6413052381608504
tuned,16,17,Pneumonia,0.6031030911107584
tuned,16,17,Pneumothorax,0.701614542624529
tuned,16,17,Consolidation,0.6923777958721822
tuned,16,17,Edema,0.7957721671247673
tuned,16,17,Emphysema,0.6231044621793049
tuned,16,17,Fibrosis,0.5610544872629462
tuned,16,17,Pleural_Thickening,0.725614395734578
tuned,16,17,Hernia,0.6049912027203195
tuned,16,18,Atelectasis,0.6620549518244304
tuned,16,18,Cardiomegaly,0.8499211632258191
tuned,16,18,Effusion,0.7676921929968792
tuned,16,18,Infiltration,0.6512678655449337
tuned,16,18,Mass,0.659402894053644
tuned,16,18,Nodule,0.6075315167024394
tuned,16,18,Pneumonia,0.550217499157238
tuned,16,18,Pneumothorax,0.7276803164203434
tuned,16,18,Consolidation,0.694099973090076
tuned,16,18,Edema,0.7708453409024929
tuned,16,18,Emphysema,0.6608640150454532
tuned,16,18,Fibrosis,0.7032010404717755
tuned,16,18,Pleural_Thickening,0.6925671219081911
tuned,16,18,Hernia,0.6632930086696507
tuned,16,19,Atelectasis,0.6891207308241147
tuned,16,19,Cardiomegaly,0.8122899095603505
tuned,16,19,Effusion,0.7575982882009372
tuned,16,19,Infiltration,0.6761086262818949
tuned,16,19,Mass,0.6391865779225714
tuned,16,19,Nodule,0.5636790788898138
tuned,16,19,Pneumonia,0.6495479665600667
tuned,16,19,Pneumothorax,0.6478423851373027
tuned,16,19,Consolidation,0.7094645087293917
tuned,16,19,Edema,0.7838457451411932
tuned,16,19,Emphysema,0.7445423995172241
tuned,16,19,Fibrosis,0.6266360957274235
tuned,16,19,Pleural_Thickening,0.6954663398232953
tuned,16,19,Hernia,0.8779867448241911
tuned,32,0,Atelectasis,0.6111605525762904
tuned,32,0,Cardiomegaly,0.8455468769397639
tuned,32,0,Effusion,0.7482403475783521
tuned,32,0,Infiltration,0.5887361028407253
tuned,32,0,Mass,0.6304503032938589
tuned,32,0,Nodule,0.5880704157344399
tuned,32,0,Pneumonia,0.6279669270324596
tuned,32,0,Pneumothorax,0.7291485026905499
tuned,32,0,Consolidation,0.7193696428486617
tuned,32,0,Edema,0.7870192928123292
tuned,32,0,Emphysema,0.7038000910992508
tuned,32,0,Fibrosis,0.6659151386907397
tuned,32,0,Pleural_Thickening,0.721579175992769
tuned,32,0,Hernia,0.8325672558868842
tuned,32,1,Atelectasis,0.6693523849965625
tuned,32,1,Cardiomegaly,0.7833246940438637
tuned,32,1,Effusion,0.7394316424442468
tuned,32,1,Infiltration,0.6701653897653707
tuned,32,1,Mass,0.6420187671231299
tuned,32,1,Nodule,0.6085668003120887
tuned,32,1,Pneumonia,0.6239592653633627
tuned,32,1,Pneumothorax,0.7402064092595921
tuned,32,1,Consolidation,0.7106707405719986
tuned,32,1,Edema,0.7829828214984875
tuned,32,1,Emphysema,0.6904944776073314
tuned,32,1,Fibrosis,0.6803359696885392
tuned,32,1,Pleural_Thickening,0.6999969480975144
tuned,32,1,Hernia,0.8419931080378875
tuned,32,2,Atelectasis,0.652559525754405
tuned,32,2,Cardiomegaly,0.8648758934379909
tuned,32,2,Effusion,0.7542585347051536
tuned,32,2,Infiltration,0.6928615066826211
tuned,32,2,Mass,0.6841671547566318
tuned,32,2,Nodule,0.591320465036413
tuned,32,2,Pneumonia,0.6274609820075256
tuned,32,2,Pneumothorax,0.7680910665760231
tuned,32,2,Consolidation,0.718989220160132
tuned,32,2,Edema,0.7693370594866278
tuned,32,2,Emphysema,0.6312375850760324
tuned,32,2,Fibrosis,0.7457584192284448
tuned,32,2,Pleural_Thickening,0.721050835500345
tuned,32,2,Hernia,0.8396848477113399
tuned,32,3,Atelectasis,0.631173454639567
tuned,32,3,Cardiomegaly,0.8693165428923653
tuned,32,3,Effusion,0.731814498352719
tuned,32,3,Infiltration,0.6778030416419003
tuned,32,3,Mass,0.641674493377969
tuned,32,3,Nodule,0.5594251147040318
tuned,32,3,Pneumonia,0.6304876938757374
tuned,32,3,Pneumothorax,0.7152577072108731
tuned,32,3,Consolidation,0.7179257394987295
tuned,32,3,Edema,0.79690263324814
tuned,32,3,Emphysema,0.6652247970532503
tuned,32,3,Fibrosis,0.6871677888649969
tuned,32,3,Pleural_Thickening,0.7104821472828103
tuned,32,3,Hernia,0.8469387289982041
tuned,32,4,Atelectasis,0.631562290308504
tuned,32,4,Cardiomegaly,0.8416606269191208
tuned,32,4,Effusion,0.7523886896482822
tuned,32,4,Infiltration,0.6841666962810673
tuned,32,4,Mass,0.592477159884455
tuned,32,4,Nodule,0.5899653515010301
tuned,32,4,Pneumonia,0.6363678881948919
tuned,32,4,Pneumothorax,0.7358114640847251
tuned,32,4,Consolidation,0.7121418202808618
tuned,32,4,Edema,0.7633763462298989
tuned,32,4,Emphysema,0.6884800109805999
tuned,32,4,Fibrosis,0.6462885226040849
tuned,32,4,Pleural_Thickening,0.6778275241460764
tuned,32,4,Hernia,0.8407288979242067
tuned,32,5,Atelectasis,0.6885051107894
tuned,32,5,Cardiomegaly,0.7852552329360557
tuned,32,5,Effusion,0.7547739393012989
tuned,32,5,Infiltration,0.6803705513908043
tuned,32,5,Mass,0.6716303752906471
tuned,32,5,Nodule,0.5387005004783184
tuned,32,5,Pneumonia,0.5877009272360896
tuned,32,5,Pneumothorax,0.7526782239204767
tuned,32,5,Consolidation,0.7142247619259443
tuned,32,5,Edema,0.7798934957007186
tuned,32,5,Emphysema,0.688033177332992
tuned,32,5,Fibrosis,0.7307683803660747
tuned,32,5,Pleural_Thickening,0.69280853705498
tuned,32,5,Hernia,0.8410504772410271
tuned,32,6,Atelectasis,0.6671362649279778
tuned,32,6,Cardiomegaly,0.8417579977057414
tuned,32,6,Effusion,0.7478129115049478
tuned,32,6,Infiltration,0.6820341949254106
tuned,32,6,Mass,0.6767555118342946
tuned,32,6,Nodule,0.5877388530570912
tuned,32,6,Pneumonia,0.5977674811507327
tuned,32,6,Pneumothorax,0.6668604966543321
tuned,32,6,Consolidation,0.7100240915062527
tuned,32,6,Edema,0.7759360755104746
tuned,32,6,Emphysema,0.6288293806023864
tuned,32,6,Fibrosis,0.660139963006057
tuned,32,6,Pleural_Thickening,0.7102386927639035
tuned,32,6,Hernia,0.8098328972678294
tuned,32,7,Atelectasis,0.6425464674954549
tuned,32,7,Cardiomegaly,0.8466345845244221
tuned,32,7,Effusion,0.7791785730149096
tuned,32,7,Infiltration,0.6762069919969238
tuned,32,7,Mass,0.6845084778924031
tuned,32,7,Nodule,0.6097099661230612
tuned,32,7,Pneumonia,0.6653618516084072
tuned,32,7,Pneumothorax,0.6197180578361235
tuned,32,7,Consolidation,0.7156751292180263
tuned,32,7,Edema,0.7849469395624801
tuned,32,7,Emphysema,0.6064055154812531
tuned,32,7,Fibrosis,0.5364033554940666
tuned,32,7,Pleural_Thickening,0.689082622084418
tuned,32,7,Hernia,0.8539387198818521
tuned,32,8,Atelectasis,0.6476018368119258
tuned,32,8,Cardiomegaly,0.8407565813097747
tuned,32,8,Effusion,0.7434153363950351
tuned,32,8,Infiltration,0.6480098434236817
tuned,32,8,Mass,0.6552803769794511
tuned,32,8,Nodule,0.5879346602163005
tuned,32,8,Pneumonia,0.6362824427398526
tuned,32,8,Pneumothorax,0.7550592719507734
tuned,32,8,Consolidation,0.6888257669878597
tuned,32,8,Edema,0.7766416637544682
tuned,32,8,Emphysema,0.6804089825399575
tuned,32,8,Fibrosis,0.7013883920882847
tuned,32,8,Pleural_Thickening,0.6609702709992806
tuned,32,8,Hernia,0.8448962103324733
tuned,32,9,Atelectasis,0.6147576378147019
tuned,32,9,Cardiomegaly,0.8487634119867825
tuned,32,9,Effusion,0.7654449327813646
tuned,32,9,Infiltration,0.6868553073753091
tuned,32,9,Mass,0.6332020823913773
tuned,32,9,Nodule,0.575628134639763
tuned,32,9,Pneumonia,0.6432321623168634
tuned,32,9,Pneumothorax,0.6855555736464635
tuned,32,9,Consolidation,0.6715114260603211
tuned,32,9,Edema,0.7709544524866158
tuned,32,9,Emphysema,0.5932757678270737
tuned,32,9,Fibrosis,0.5467115911461224
tuned,32,9,Pleural_Thickening,0.6863971625679044
tuned,32,9,Hernia,0.8346827053686197
tuned,32,10,Atelectasis,0.6751729491285997
tuned,32,10,Cardiomegaly,0.8664597229154651
tuned,32,10,Effusion,0.7577919122563536
tuned,32,10,Infiltration,0.6486057394656483
tuned,32,10,Mass,0.685496068444926
tuned,32,10,Nodule,0.6018391145985013
tuned,32,10,Pneumonia,0.6402783758959629
tuned,32,10,Pneumothorax,0.6973480683505774
tuned,32,10,Consolidation,0.714968995666726
tuned,32,10,Edema,0.789186932463654
tuned,32,10,Emphysema,0.6649665057724508
tuned,32,10,Fibrosis,0.7165853740988494
tuned,32,10,Pleural_Thickening,0.6831702676432612
tuned,32,10,Hernia,0.7873556197751908
tuned,32,11,Atelectasis,0.7030424662419539
tuned,32,11,Cardiomegaly,0.8361222200554606
tuned,32,11,Effusion,0.7551351746908547
tuned,32,11,Infiltration,0.6711606771457532
tuned,32,11,Mass,0.6618067891075208
tuned,32,11,Nodule,0.6336571290062174
tuned,32,11,Pneumonia,0.580500735550454
tuned,32,11,Pneumothorax,0.725334752933243
tuned,32,11,Consolidation,0.7104119743717436
tuned,32,11,Edema,0.7749013339877107
tuned,32,11,Emphysema,0.6776978668967435
tuned,32,11,Fibrosis,0.6427391963570697
tuned,32,11,Pleural_Thickening,0.6799273618585678
tuned,32,11,Hernia,0.6825531255412833
tuned,32,12,Atelectasis,0.6020892599376559
tuned,32,12,Cardiomegaly,0.8581194935971557
tuned,32,12,Effusion,0.7358513661200393
tuned,32,12,Infiltration,0.6716334690915677
tuned,32,12,Mass,0.7095786784071814
tuned,32,12,Nodule,0.5827007863822155
tuned,32,12,Pneumonia,0.6406686547575491
tuned,32,12,Pneumothorax,0.727913220041886
tuned,32,12,Consolidation,0.7239045152952741
tuned,32,12,Edema,0.7818310369872934
tuned,32,12,Emphysema,0.6150357114066246
tuned,32,12,Fibrosis,0.734071156465009
tuned,32,12,Pleural_Thickening,0.694368835617627
tuned,32,12,Hernia,0.8390086423016965
tuned,32,13,Atelectasis,0.6751852206697083
tuned,32,13,Cardiomegaly,0.855562318581119
tuned,32,13,Effusion,0.7482936598149619
tuned,32,13,Infiltration,0.6716731000453051
tuned,32,13,Mass,0.6560087696908797
tuned,32,13,Nodule,0.5055924616775307
tuned,32,13,Pneumonia,0.6581673802711301
tuned,32,13,Pneumothorax,0.7570417590973425
tuned,32,13,Consolidation,0.7064143157552334
tuned,32,13,Edema,0.7737218552913093
tuned,32,13,Emphysema,0.6926683996608292
tuned,32,13,Fibrosis,0.526845414381955
tuned,32,13,Pleural_Thickening,0.6570373597587301
tuned,32,13,Hernia,0.8088528894277666
tuned,32,14,Atelectasis,0.6478082802100642
tuned,32,14,Cardiomegaly,0.8643612356257473
tuned,32,14,Effusion,0.7578466086937407
tuned,32,14,Infiltration,0.631386738756515
tuned,32,14,Mass,0.6606442250193254
tuned,32,14,Nodule,0.5464756137777612
tuned,32,14,Pneumonia,0.646261428554468
tuned,32,14,Pneumothorax,0.7112500892840852
tuned,32,14,Consolidation,0.7136742958560223
tuned,32,14,Edema,0.7941788969870522
tuned,32,14,Emphysema,0.731030040984208
tuned,32,14,Fibrosis,0.6996083612341122
tuned,32,14,Pleural_Thickening,0.6922453304550279
tuned,32,14,Hernia,0.8403202574457804
tuned,32,15,Atelectasis,0.6558505467320032
tuned,32,15,Cardiomegaly,0.8596449120445832
tuned,32,15,Effusion,0.7709475563852649
tuned,32,15,Infiltration,0.6695397127768146
tuned,32,15,Mass,0.6186963588808448
tuned,32,15,Nodule,0.5962634745769007
tuned,32,15,Pneumonia,0.6386245476337725
tuned,32,15,Pneumothorax,0.7058583941726476
tuned,32,15,Consolidation,0.7207348784008532
tuned,32,15,Edema,0.7978859521026438
tuned,32,15,Emphysema,0.6715139050322236
tuned,32,15,Fibrosis,0.7257171859203739
tuned,32,15,Pleural_Thickening,0.7138191683018318
tuned,32,15,Hernia,0.8334747887285424
tuned,32,16,Atelectasis,0.5948209887574235
tuned,32,16,Cardiomegaly,0.8691139826699833
tuned,32,16,Effusion,0.7684893439712683
tuned,32,16,Infiltration,0.6798338393645048
tuned,32,16,Mass,0.6253318236128586
tuned,32,16,Nodule,0.652177193900542
tuned,32,16,Pneumonia,0.5995082299263441
tuned,32,16,Pneumothorax,0.756099753702743
tuned,32,16,Consolidation,0.720435787858979
tuned,32,16,Edema,0.7988980825501437
tuned,32,16,Emphysema,0.6949851987054334
tuned,32,16,Fibrosis,0.44709212898816675
tuned,32,16,Pleural_Thickening,0.684968296171501
tuned,32,16,Hernia,0.851312526779284
tuned,32,17,Atelectasis,0.6218964702005234
tuned,32,17,Cardiomegaly,0.8514147349804035
tuned,32,17,Effusion,0.757234053709697
tuned,32,17,Infiltration,0.6812741572894822
tuned,32,17,Mass,0.6390976638274288
tuned,32,17,Nodule,0.6554345424390075
tuned,32,17,Pneumonia,0.6172946637784303
tuned,32,17,Pneumothorax,0.7213101577348081
tuned,32,17,Consolidation,0.7035007807121526
tuned,32,17,Edema,0.7469071795641453
tuned,32,17,Emphysema,0.5939907688731207
tuned,32,17,Fibrosis,0.6813785428735495
tuned,32,17,Pleural_Thickening,0.6967912161309039
tuned,32,17,Hernia,0.8212055463885571
tuned,32,18,Atelectasis,0.5956956367005062
tuned,32,18,Cardiomegaly,0.8028054114053038
tuned,32,18,Effusion,0.7745944435268846
tuned,32,18,Infiltration,0.6865531019343567
tuned,32,18,Mass,0.7125882640015291
tuned,32,18,Nodule,0.5804039042793547
tuned,32,18,Pneumonia,0.6127565567244494
tuned,32,18,Pneumothorax,0.7366384085775558
tuned,32,18,Consolidation,0.7089015202195701
tuned,32,18,Edema,0.7620778088290552
tuned,32,18,Emphysema,0.7563337372024465
tuned,32,18,Fibrosis,0.6188853667439163
tuned,32,18,Pleural_Thickening,0.7092831217019641
tuned,32,18,Hernia,0.8315412104692187
tuned,32,19,Atelectasis,0.6610200154164994
tuned,32,19,Cardiomegaly,0.8651070394044279
tuned,32,19,Effusion,0.7663616940829334
tuned,32,19,Infiltration,0.6155850894169038
tuned,32,19,Mass,0.6950482945189864
tuned,32,19,Nodule,0.6252527649777698
tuned,32,19,Pneumonia,0.6337730446392241
tuned,32,19,Pneumothorax,0.7165835216719577
tuned,32,19,Consolidation,0.7112775170770285
tuned,32,19,Edema,0.7677493106579889
tuned,32,19,Emphysema,0.6960967380098237
tuned,32,19,Fibrosis,0.7392428621744928
tuned,32,19,Pleural_Thickening,0.7088246386492
tuned,32,19,Hernia,0.8286622665074344
tuned,64,0,Atelectasis,0.6481942666403362
tuned,64,0,Cardiomegaly,0.8522265395997607
tuned,64,0,Effusion,0.7529364076425764
tuned,64,0,Infiltration,0.6737627836802059
tuned,64,0,Mass,0.6242291952771826
tuned,64,0,Nodule,0.5942134428856205
tuned,64,0,Pneumonia,0.6398025796252704
tuned,64,0,Pneumothorax,0.7596175916606988
tuned,64,0,Consolidation,0.7140324422707991
tuned,64,0,Edema,0.7849665708836395
tuned,64,0,Emphysema,0.6528154272350615
tuned,64,0,Fibrosis,0.5902594189968329
tuned,64,0,Pleural_Thickening,0.7088648894146891
tuned,64,0,Hernia,0.8589059921781701
tuned,64,1,Atelectasis,0.6399172283185681
tuned,64,1,Cardiomegaly,0.8725486008184106
tuned,64,1,Effusion,0.7544573110634636
tuned,64,1,Infiltration,0.6799174090756169
tuned,64,1,Mass,0.691585838360724
tuned,64,1,Nodule,0.5894686564488151
tuned,64,1,Pneumonia,0.6150653109081287
tuned,64,1,Pneumothorax,0.7478370833194583
tuned,64,1,Consolidation,0.7096199561123813
tuned,64,1,Edema,0.7710724376031822
tuned,64,1,Emphysema,0.6951083421306703
tuned,64,1,Fibrosis,0.6949793216741655
tuned,64,1,Pleural_Thickening,0.7192010892107591
tuned,64,1,Hernia,0.8601679232038507
tuned,64,2,Atelectasis,0.6335310049026993
tuned,64,2,Cardiomegaly,0.8445782035208101
tuned,64,2,Effusion,0.757341867570251
tuned,64,2,Infiltration,0.6881964408506483
tuned,64,2,Mass,0.6500795800942198
tuned,64,2,Nodule,0.5962033201296828
tuned,64,2,Pneumonia,0.6476339523901522
tuned,64,2,Pneumothorax,0.7318069552486482
tuned,64,2,Consolidation,0.7157959979857522
tuned,64,2,Edema,0.7840430443008368
tuned,64,2,Emphysema,0.6269123869627928
tuned,64,2,Fibrosis,0.722565985398859
tuned,64,2,Pleural_Thickening,0.6995504687174807
tuned,64,2,Hernia,0.8380903977464378
tuned,64,3,Atelectasis,0.6752361516649331
tuned,64,3,Cardiomegaly,0.8414081608313674
tuned,64,3,Effusion,0.7489902152795177
tuned,64,3,Infiltration,0.6943528464690051
tuned,64,3,Mass,0.6476627911171976
tuned,64,3,Nodule,0.5440303438513533
tuned,64,3,Pneumonia,0.6360308913202168
tuned,64,3,Pneumothorax,0.7601087461748981
tuned,64,3,Consolidation,0.7101695186204975
tuned,64,3,Edema,0.768918382124981
tuned,64,3,Emphysema,0.7127862566560645
tuned,64,3,Fibrosis,0.641274925114447
tuned,64,3,Pleural_Thickening,0.7172113954818748
tuned,64,3,Hernia,0.8291331260882645
tuned,64,4,Atelectasis,0.6555986931655975
tuned,64,4,Cardiomegaly,0.8682604722319149
tuned,64,4,Effusion,0.7549288108616165
tuned,64,4,Infiltration,0.6905128048077575
tuned,64,4,Mass,0.6272816246794151
tuned,64,4,Nodule,0.6052077636427036
tuned,64,4,Pneumonia,0.6382915082328046
tuned,64,4,Pneumothorax,0.7089394376129449
tuned,64,4,Consolidation,0.7093368980004988
tuned,64,4,Edema,0.7761784215409929
tuned,64,4,Emphysema,0.674216488755284
tuned,64,4,Fibrosis,0.7241807815141753
tuned,64,4,Pleural_Thickening,0.7133484311271299
tuned,64,4,Hernia,0.8473188808766284
tuned,64,5,Atelectasis,0.6359480407097581
tuned,64,5,Cardiomegaly,0.8407165536401475
tuned,64,5,Effusion,0.7518254686052805
tuned,64,5,Infiltration,0.6721597810890074
tuned,64,5,Mass,0.7043537848786019
tuned,64,5,Nodule,0.5935644019731687
tuned,64,5,Pneumonia,0.6346764279554502
tuned,64,5,Pneumothorax,0.7029304407226082
tuned,64,5,Consolidation,0.7119379628365029
tuned,64,5,Edema,0.7756811531648384
tuned,64,5,Emphysema,0.6566789868589388
tuned,64,5,Fibrosis,0.7287704424883062
tuned,64,5,Pleural_Thickening,0.6872964183366174
tuned,64,5,Hernia,0.8479884769310713
tuned,64,6,Atelectasis,0.6389602667587061
tuned,64,6,Cardiomegaly,0.8742267880421046
tuned,64,6,Effusion,0.7587887470095624
tuned,64,6,Infiltration,0.6844243415660695
tuned,64,6,Mass,0.6717112411788774
tuned,64,6,Nodule,0.5892421488037258
tuned,64,6,Pneumonia,0.6399739022597535
tuned,64,6,Pneumothorax,0.7467320388443248
tuned,64,6,Consolidation,0.7164440718989614
tuned,64,6,Edema,0.7857459299516776
tuned,64,6,Emphysema,0.6579260474070823
tuned,64,6,Fibrosis,0.5833456905345665
tuned,64,6,Pleural_Thickening,0.6698634003510366
tuned,64,6,Hernia,0.841890549077881
tuned,64,7,Atelectasis,0.6563453781789014
tuned,64,7,Cardiomegaly,0.8386075588487791
tuned,64,7,Effusion,0.7484343458806452
tuned,64,7,Infiltration,0.6925733624837563
tuned,64,7,Mass,0.6508096520142442
tuned,64,7,Nodule,0.6256268636987612
tuned,64,7,Pneumonia,0.6269770549272167
tuned,64,7,Pneumothorax,0.7735940834985583
tuned,64,7,Consolidation,0.7163078889170382
tuned,64,7,Edema,0.7676002134029779
tuned,64,7,Emphysema,0.6531430567028427
tuned,64,7,Fibrosis,0.6961955352358399
tuned,64,7,Pleural_Thickening,0.7206830687283788
tuned,64,7,Hernia,0.8570948009444541
tuned,64,8,Atelectasis,0.6471334069434485
tuned,64,8,Cardiomegaly,0.8785620573619581
tuned,64,8,Effusion,0.7664759111537504
tuned,64,8,Infiltration,0.6750356220931982
tuned,64,8,Mass,0.663032947224105
tuned,64,8,Nodule,0.6559479306394679
tuned,64,8,Pneumonia,0.6324393400229029
tuned,64,8,Pneumothorax,0.7317813134320982
tuned,64,8,Consolidation,0.6994811933456612
tuned,64,8,Edema,0.7699959795229545
tuned,64,8,Emphysema,0.6726717071334208
tuned,64,8,Fibrosis,0.7137245335442052
tuned,64,8,Pleural_Thickening,0.6961480267876179
tuned,64,8,Hernia,0.8611492984967135
tuned,64,9,Atelectasis,0.6225606571139688
tuned,64,9,Cardiomegaly,0.8780920993389505
tuned,64,9,Effusion,0.7627665811770596
tuned,64,9,Infiltration,0.6948352994832113
tuned,64,9,Mass,0.6605217507409629
tuned,64,9,Nodule,0.579944103783423
tuned,64,9,Pneumonia,0.6026824476327293
tuned,64,9,Pneumothorax,0.7211716231981694
tuned,64,9,Consolidation,0.7164173589050591
tuned,64,9,Edema,0.7786215131673361
tuned,64,9,Emphysema,0.6373265943237005
tuned,64,9,Fibrosis,0.7212472139193707
tuned,64,9,Pleural_Thickening,0.7219334900644474
tuned,64,9,Hernia,0.859359302781399
tuned,64,10,Atelectasis,0.683602896592055
tuned,64,10,Cardiomegaly,0.8444498632556406
tuned,64,10,Effusion,0.767648498392338
tuned,64,10,Infiltration,0.6711962270223601
tuned,64,10,Mass,0.6378893293106533
tuned,64,10,Nodule,0.5598632359535511
tuned,64,10,Pneumonia,0.6444873290686158
tuned,64,10,Pneumothorax,0.7365545449465289
tuned,64,10,Consolidation,0.7119730164009209
tuned,64,10,Edema,0.7790748739903618
tuned,64,10,Emphysema,0.6780907832896388
tuned,64,10,Fibrosis,0.7169509736606599
tuned,64,10,Pleural_Thickening,0.6890016733227121
tuned,64,10,Hernia,0.854563645811492
tuned,64,11,Atelectasis,0.6726750345731539
tuned,64,11,Cardiomegaly,0.8631983164503272
tuned,64,11,Effusion,0.7631722750449188
tuned,64,11,Infiltration,0.681525093149326
tuned,64,11,Mass,0.6738096162231125
tuned,64,11,Nodule,0.627006445097315
tuned,64,11,Pneumonia,0.6393199836952085
tuned,64,11,Pneumothorax,0.7288226536203767
tuned,64,11,Consolidation,0.7127283709023907
tuned,64,11,Edema,0.7775065373833159
tuned,64,11,Emphysema,0.6924698504905145
tuned,64,11,Fibrosis,0.6144269068120842
tuned,64,11,Pleural_Thickening,0.6977570734995794
tuned,64,11,Hernia,0.8114259797799313
tuned,64,12,Atelectasis,0.6666086296565459
tuned,64,12,Cardiomegaly,0.8689550733936595
tuned,64,12,Effusion,0.7643554693627972
tuned,64,12,Infiltration,0.6767842208897945
tuned,64,12,Mass,0.6726910593944717
tuned,64,12,Nodule,0.565567692078316
tuned,64,12,Pneumonia,0.6414237047638269
tuned,64,12,Pneumothorax,0.7123495783050269
tuned,64,12,Consolidation,0.7217333605328605
tuned,64,12,Edema,0.7852329959565174
tuned,64,12,Emphysema,0.7439890568882671
tuned,64,12,Fibrosis,0.6869621248355988
tuned,64,12,Pleural_Thickening,0.6931911697763335
tuned,64,12,Hernia,0.8316437694292252
tuned,64,13,Atelectasis,0.6550718026591883
tuned,64,13,Cardiomegaly,0.8598537271862784
tuned,64,13,Effusion,0.7639514314092013
tuned,64,13,Infiltration,0.6739647844022374
tuned,64,13,Mass,0.6719402732369844
tuned,64,13,Nodule,0.580176458528167
tuned,64,13,Pneumonia,0.6486204066771936
tuned,64,13,Pneumothorax,0.7120943710485399
tuned,64,13,Consolidation,0.719910204491096
tuned,64,13,Edema,0.78300302247852
tuned,64,13,Emphysema,0.6833276086700589
tuned,64,13,Fibrosis,0.6870168071641616
tuned,64,13,Pleural_Thickening,0.7025061629288732
tuned,64,13,Hernia,0.8397990300201471
tuned,64,14,Atelectasis,0.6315973899224656
tuned,64,14,Cardiomegaly,0.8758530670634522
tuned,64,14,Effusion,0.7600142107178481
tuned,64,14,Infiltration,0.6730663806173087
tuned,64,14,Mass,0.644041853650542
tuned,64,14,Nodule,0.6474048297145955
tuned,64,14,Pneumonia,0.6560443035583804
tuned,64,14,Pneumothorax,0.7141522945539449
tuned,64,14,Consolidation,0.7195328400117555
tuned,64,14,Edema,0.7906465956857103
tuned,64,14,Emphysema,0.6862265199037002
tuned,64,14,Fibrosis,0.7248807792757173
tuned,64,14,Pleural_Thickening,0.6984204240040682
tuned,64,14,Hernia,0.839548558248931
tuned,64,15,Atelectasis,0.7129214667968106
tuned,64,15,Cardiomegaly,0.8454788356223604
tuned,64,15,Effusion,0.7573929907189646
tuned,64,15,Infiltration,0.6772829310342974
tuned,64,15,Mass,0.6631798180044938
tuned,64,15,Nodule,0.5892862012380482
tuned,64,15,Pneumonia,0.6380003820760979
tuned,64,15,Pneumothorax,0.764617835887956
tuned,64,15,Consolidation,0.7212532796107921
tuned,64,15,Edema,0.7713958285633532
tuned,64,15,Emphysema,0.6576938186219817
tuned,64,15,Fibrosis,0.659693778960049
tuned,64,15,Pleural_Thickening,0.6926879457615748
tuned,64,15,Hernia,0.817280956852306
tuned,64,16,Atelectasis,0.6037767608250537
tuned,64,16,Cardiomegaly,0.8589210576931255
tuned,64,16,Effusion,0.7672024730151595
tuned,64,16,Infiltration,0.6818299269383068
tuned,64,16,Mass,0.6423529416280226
tuned,64,16,Nodule,0.5846544758622602
tuned,64,16,Pneumonia,0.6343734293776225
tuned,64,16,Pneumothorax,0.7177747452325163
tuned,64,16,Consolidation,0.7098277637436095
tuned,64,16,Edema,0.7849029443695246
tuned,64,16,Emphysema,0.6651782355458911
tuned,64,16,Fibrosis,0.7290752839072694
tuned,64,16,Pleural_Thickening,0.7195453137572215
tuned,64,16,Hernia,0.8426971183211327
tuned,64,17,Atelectasis,0.6657960295223762
tuned,64,17,Cardiomegaly,0.7986670576245503
tuned,64,17,Effusion,0.7661913758672735
tuned,64,17,Infiltration,0.682746741755351
tuned,64,17,Mass,0.646662198692405
tuned,64,17,Nodule,0.5800885464210495
tuned,64,17,Pneumonia,0.6384524335045481
tuned,64,17,Pneumothorax,0.7458782988986536
tuned,64,17,Consolidation,0.7144130966418429
tuned,64,17,Edema,0.7977477440960883
tuned,64,17,Emphysema,0.6451293620188562
tuned,64,17,Fibrosis,0.735056443401049
tuned,64,17,Pleural_Thickening,0.7223488958535236
tuned,64,17,Hernia,0.8559771361891826
tuned,64,18,Atelectasis,0.6494737251204582
tuned,64,18,Cardiomegaly,0.8669008663559065
tuned,64,18,Effusion,0.7440418205402353
tuned,64,18,Infiltration,0.6890475007819545
tuned,64,18,Mass,0.6621039850402664
tuned,64,18,Nodule,0.574420008194164
tuned,64,18,Pneumonia,0.6472480987037116
tuned,64,18,Pneumothorax,0.7298969999156455
tuned,64,18,Consolidation,0.7222404556361
tuned,64,18,Edema,0.7795336903925936
tuned,64,18,Emphysema,0.6219334794749819
tuned,64,18,Fibrosis,0.7085776336028162
tuned,64,18,Pleural_Thickening,0.6352931091154602
tuned,64,18,Hernia,0.8599972195126397
tuned,64,19,Atelectasis,0.687812964440422
tuned,64,19,Cardiomegaly,0.8557381809771656
tuned,64,19,Effusion,0.7612635749595578
tuned,64,19,Infiltration,0.6896460503637836
tuned,64,19,Mass,0.6633990866640517
tuned,64,19,Nodule,0.5719210220555426
tuned,64,19,Pneumonia,0.6061327890727676
tuned,64,19,Pneumothorax,0.7484066278286692
tuned,64,19,Consolidation,0.7185816095285457
tuned,64,19,Edema,0.7933478961511874
tuned,64,19,Emphysema,0.6415032212759278
tuned,64,19,Fibrosis,0.6674827901418314
tuned,64,19,Pleural_Thickening,0.6991701079282238
tuned,64,19,Hernia,0.8652758152297777
