dataset,K,seed,label,auc
CheXpert,1,0,Atelectasis,0.8353204874649187
CheXpert,1,0,Cardiomegaly,0.8238866012637811
CheXpert,1,0,Consolidation,0.6081704370744564
CheXpert,1,0,Edema,0.5253676023818203
CheXpert,1,0,Pleural Effusion,0.878010878010878
CheXpert,1,1,Atelectasis,0.35540863799890754
CheXpert,1,1,Cardiomegaly,0.8271883716958576
CheXpert,1,1,Consolidation,0.27425140932718356
CheXpert,1,1,Edema,0.586340989184591
CheXpert,1,1,Pleural Effusion,0.8853923853923853
CheXpert,1,2,Atelectasis,0.2978659283117666
CheXpert,1,2,Cardiomegaly,0.8848175487200897
CheXpert,1,2,Consolidation,0.8287575957244309
CheXpert,1,2,Edema,0.8592781625956981
CheXpert,1,2,Pleural Effusion,0.8624222999223
CheXpert,1,3,Atelectasis,0.7974609632517753
CheXpert,1,3,Cardiomegaly,0.6797851951649936
CheXpert,1,3,Consolidation,0.7221612123874368
CheXpert,1,3,Edema,0.5559606270506744
CheXpert,1,3,Pleural Effusion,0.8468337218337217
CheXpert,1,4,Atelectasis,0.6865758791508919
CheXpert,1,4,Cardiomegaly,0.7996925937873584
CheXpert,1,4,Consolidation,0.5692217585474779
CheXpert,1,4,Edema,0.6596184226515981
CheXpert,1,4,Pleural Effusion,0.778676184926185
CheXpert,1,5,Atelectasis,0.4311276864251945
CheXpert,1,5,Cardiomegaly,0.6923850547448718
CheXpert,1,5,Consolidation,0.7007101544769018
CheXpert,1,5,Edema,0.8406853809697412
CheXpert,1,5,Pleural Effusion,0.8655545843045842
CheXpert,1,6,Atelectasis,0.4920137123052872
CheXpert,1,6,Cardiomegaly,0.8834323231939886
CheXpert,1,6,Consolidation,0.9029943626912659
CheXpert,1,6,Edema,0.8409284238668125
CheXpert,1,6,Pleural Effusion,0.9034333721833723
CheXpert,1,7,Atelectasis,0.7848411218473941
CheXpert,1,7,Cardiomegaly,0.8365623636122127
CheXpert,1,7,Consolidation,0.886594919100959
CheXpert,1,7,Edema,0.792259083728278
CheXpert,1,7,Pleural Effusion,0.7730914918414918
CheXpert,1,8,Atelectasis,0.7355483980335651
CheXpert,1,8,Cardiomegaly,0.8786314730829807
CheXpert,1,8,Consolidation,0.887400248920126
CheXpert,1,8,Edema,0.8379207680155548
CheXpert,1,8,Pleural Effusion,0.8975815850815851
CheXpert,1,9,Atelectasis,0.7794541447703
CheXpert,1,9,Cardiomegaly,0.7959164310518226
CheXpert,1,9,Consolidation,0.8188740024892013
CheXpert,1,9,Edema,0.7775246080933285
CheXpert,1,9,Pleural Effusion,0.8485819735819736
CheXpert,1,10,Atelectasis,0.5786856529355259
CheXpert,1,10,Cardiomegaly,0.7481735896316818
CheXpert,1,10,Consolidation,0.8580423164214073
CheXpert,1,10,Edema,0.839622068295054
CheXpert,1,10,Pleural Effusion,0.6614461926961926
CheXpert,1,11,Atelectasis,0.7625209545874065
CheXpert,1,11,Cardiomegaly,0.8329190307216456
CheXpert,1,11,Consolidation,0.6930961270956879
CheXpert,1,11,Edema,0.5449021752339288
CheXpert,1,11,Pleural Effusion,0.875267094017094
CheXpert,1,12,Atelectasis,0.7540261061196812
CheXpert,1,12,Cardiomegaly,0.8058596937323289
CheXpert,1,12,Consolidation,0.7541547697488835
CheXpert,1,12,Edema,0.557935350589379
CheXpert,1,12,Pleural Effusion,0.8729360916860917
CheXpert,1,13,Atelectasis,0.3855455726959372
CheXpert,1,13,Cardiomegaly,0.8640012144442969
CheXpert,1,13,Consolidation,0.571564536203236
CheXpert,1,13,Edema,0.7572001458257382
CheXpert,1,13,Pleural Effusion,0.8943036130536131
CheXpert,1,14,Atelectasis,0.6918686783070577
CheXpert,1,14,Cardiomegaly,0.7502609157669027
CheXpert,1,14,Consolidation,0.6422871366864339
CheXpert,1,14,Edema,0.8260420464211934
CheXpert,1,14,Pleural Effusion,0.8614753302253302
CheXpert,1,15,Atelectasis,0.6090674502269687
CheXpert,1,15,Cardiomegaly,0.5876012827567886
CheXpert,1,15,Consolidation,0.8554066915586793
CheXpert,1,15,Edema,0.8250091141086402
CheXpert,1,15,Pleural Effusion,0.8904428904428904
CheXpert,1,16,Atelectasis,0.7578120585409958
CheXpert,1,16,Cardiomegaly,0.7300233401013303
CheXpert,1,16,Consolidation,0.9083388242184641
CheXpert,1,16,Edema,0.7349617207437114
CheXpert,1,16,Pleural Effusion,0.8563277000777001
CheXpert,1,17,Atelectasis,0.2927991561658285
CheXpert,1,17,Cardiomegaly,0.6989316685326098
CheXpert,1,17,Consolidation,0.5220001464236035
CheXpert,1,17,Edema,0.6155972779195528
CheXpert,1,17,Pleural Effusion,0.9062985625485624
CheXpert,1,18,Atelectasis,0.6903524137801134
CheXpert,1,18,Cardiomegaly,0.7495303516195754
CheXpert,1,18,Consolidation,0.9125851087195256
CheXpert,1,18,Edema,0.399410620974602
CheXpert,1,18,Pleural Effusion,0.8471493783993784
CheXpert,1,19,Atelectasis,0.7999284247800945
CheXpert,1,19,Cardiomegaly,0.8643048255185106
CheXpert,1,19,Consolidation,0.7961783439490446
CheXpert,1,19,Edema,0.809788552679548
CheXpert,1,19,Pleural Effusion,0.9080710955710956
CheXpert,2,0,Atelectasis,0.39183665781394206
CheXpert,2,0,Cardiomegaly,0.827928423689254
CheXpert,2,0,Consolidation,0.833589574639432
CheXpert,2,0,Edema,0.6087616964394217
CheXpert,2,0,Pleural Effusion,0.8892773892773893
CheXpert,2,1,Atelectasis,0.8233787270912207
CheXpert,2,1,Cardiomegaly,0.7982124898005655
CheXpert,2,1,Consolidation,0.7056153451936452
CheXpert,2,1,Edema,0.7403390448414146
CheXpert,2,1,Pleural Effusion,0.886509324009324
CheXpert,2,2,Atelectasis,0.5720743628863648
CheXpert,2,2,Cardiomegaly,0.5857606406193666
CheXpert,2,2,Consolidation,0.8980159601727798
CheXpert,2,2,Edema,0.7901324583789039
CheXpert,2,2,Pleural Effusion,0.8966588966588966
CheXpert,2,3,Atelectasis,0.39289145052833807
CheXpert,2,3,Cardiomegaly,0.8377388565247916
CheXpert,2,3,Consolidation,0.7979354271908631
CheXpert,2,3,Edema,0.3062340503098797
CheXpert,2,3,Pleural Effusion,0.7907682595182595
CheXpert,2,4,Atelectasis,0.2497786818858187
CheXpert,2,4,Cardiomegaly,0.8261826600125239
CheXpert,2,4,Consolidation,0.5216340874148913
CheXpert,2,4,Edema,0.8293231255316563
CheXpert,2,4,Pleural Effusion,0.8934294871794872
CheXpert,2,5,Atelectasis,0.738825789681867
CheXpert,2,5,Cardiomegaly,0.8427294635571833
CheXpert,2,5,Consolidation,0.9070210117871
CheXpert,2,5,Edema,0.8340320816624134
CheXpert,2,5,Pleural Effusion,0.912101787101787
CheXpert,2,6,Atelectasis,0.4118023770507243
CheXpert,2,6,Cardiomegaly,0.805556082658115
CheXpert,2,6,Consolidation,0.21714620396807963
CheXpert,2,6,Edema,0.7488151658767773
CheXpert,2,6,Pleural Effusion,0.8436043123543123
CheXpert,2,7,Atelectasis,0.8026407489028271
CheXpert,2,7,Cardiomegaly,0.6134651511413879
CheXpert,2,7,Consolidation,0.7936159308880592
CheXpert,2,7,Edema,0.507321667274274
CheXpert,2,7,Pleural Effusion,0.9004710567210567
CheXpert,2,8,Atelectasis,0.8362622666742008
CheXpert,2,8,Cardiomegaly,0.38712309531490163
CheXpert,2,8,Consolidation,0.8744417600117139
CheXpert,2,8,Edema,0.4870883460930854
CheXpert,2,8,Pleural Effusion,0.8325806138306139
CheXpert,2,9,Atelectasis,0.512309054265318
CheXpert,2,9,Cardiomegaly,0.6230288999791267
CheXpert,2,9,Consolidation,0.8853503184713376
CheXpert,2,9,Edema,0.6613197229310973
CheXpert,2,9,Pleural Effusion,0.6740481740481741
CheXpert,2,10,Atelectasis,0.7754610009229437
CheXpert,2,10,Cardiomegaly,0.7644167821021272
CheXpert,2,10,Consolidation,0.7212826707665275
CheXpert,2,10,Edema,0.6340989184591079
CheXpert,2,10,Pleural Effusion,0.8361742424242425
CheXpert,2,11,Atelectasis,0.5456480382739071
CheXpert,2,11,Cardiomegaly,0.827359152925103
CheXpert,2,11,Consolidation,0.20418771505966762
CheXpert,2,11,Edema,0.6703730708470045
CheXpert,2,11,Pleural Effusion,0.888014763014763
CheXpert,2,12,Atelectasis,0.800964381910305
CheXpert,2,12,Cardiomegaly,0.8368469989942884
CheXpert,2,12,Consolidation,0.8493301120140567
CheXpert,2,12,Edema,0.8032871551828897
CheXpert,2,12,Pleural Effusion,0.7798174048174049
CheXpert,2,13,Atelectasis,0.4408468478649865
CheXpert,2,13,Cardiomegaly,0.8368659746864268
CheXpert,2,13,Consolidation,0.5261732191229226
CheXpert,2,13,Edema,0.8646251063312675
CheXpert,2,13,Pleural Effusion,0.5680604118104119
CheXpert,2,14,Atelectasis,0.693921756983293
CheXpert,2,14,Cardiomegaly,0.6314920586728401
CheXpert,2,14,Consolidation,0.8494033238157991
CheXpert,2,14,Edema,0.8268015554745413
CheXpert,2,14,Pleural Effusion,0.8839840714840715
CheXpert,2,15,Atelectasis,0.2825149272004671
CheXpert,2,15,Cardiomegaly,0.7950625249055959
CheXpert,2,15,Consolidation,0.6442638553334797
CheXpert,2,15,Edema,0.8515919309758172
CheXpert,2,15,Pleural Effusion,0.7713432400932401
CheXpert,2,16,Atelectasis,0.7732384019890376
CheXpert,2,16,Cardiomegaly,0.6202394732347862
CheXpert,2,16,Consolidation,0.4704590379969252
CheXpert,2,16,Edema,0.8175963057479645
CheXpert,2,16,Pleural Effusion,0.8877233877233878
CheXpert,2,17,Atelectasis,0.40855323877870076
CheXpert,2,17,Cardiomegaly,0.7552515227992942
CheXpert,2,17,Consolidation,0.2788637528369573
CheXpert,2,17,Edema,0.7384858427512455
CheXpert,2,17,Pleural Effusion,0.5640297202797203
CheXpert,2,18,Atelectasis,0.5416925655949218
CheXpert,2,18,Cardiomegaly,0.5941478965445265
CheXpert,2,18,Consolidation,0.4941064499597335
CheXpert,2,18,Edema,0.7810791104629968
CheXpert,2,18,Pleural Effusion,0.5279234654234655
CheXpert,2,19,Atelectasis,0.5399596918498428
CheXpert,2,19,Cardiomegaly,0.7994459097895596
CheXpert,2,19,Consolidation,0.8217658686580277
CheXpert,2,19,Edema,0.6945558391056021
CheXpert,2,19,Pleural Effusion,0.6289335664335665
CheXpert,4,0,Atelectasis,0.7516528225122903
CheXpert,4,0,Cardiomegaly,0.8150059773430236
CheXpert,4,0,Consolidation,0.8469141225565562
CheXpert,4,0,Edema,0.7941426661805809
CheXpert,4,0,Pleural Effusion,0.9122231934731935
CheXpert,4,1,Atelectasis,0.8566235331788815
CheXpert,4,1,Cardiomegaly,0.8308317045864249
CheXpert,4,1,Consolidation,0.8603850940771653
CheXpert,4,1,Edema,0.8795722445011545
CheXpert,4,1,Pleural Effusion,0.9028749028749028
CheXpert,4,2,Atelectasis,0.7062967357932606
CheXpert,4,2,Cardiomegaly,0.8509838896373746
CheXpert,4,2,Consolidation,0.20565195109451645
CheXpert,4,2,Edema,0.8257686231619881
CheXpert,4,2,Pleural Effusion,0.8800505050505051
CheXpert,4,3,Atelectasis,0.7228908854608125
CheXpert,4,3,Cardiomegaly,0.8075295546405056
CheXpert,4,3,Consolidation,0.6002635624862729
CheXpert,4,3,Edema,0.8140721837404301
CheXpert,4,3,Pleural Effusion,0.8603826728826729
CheXpert,4,4,Atelectasis,0.2773728127177864
CheXpert,4,4,Cardiomegaly,0.8846467674908444
CheXpert,4,4,Consolidation,0.7232593894135735
CheXpert,4,4,Edema,0.8086037185563252
CheXpert,4,4,Pleural Effusion,0.8876991064491064
CheXpert,4,5,Atelectasis,0.3506243996157541
CheXpert,4,5,Cardiomegaly,0.7127839237936204
CheXpert,4,5,Consolidation,0.6197379017497621
CheXpert,4,5,Edema,0.8394397861222506
CheXpert,4,5,Pleural Effusion,0.8924946581196581
CheXpert,4,6,Atelectasis,0.5126104236122884
CheXpert,4,6,Cardiomegaly,0.7226892350898497
CheXpert,4,6,Consolidation,0.7425873050735778
CheXpert,4,6,Edema,0.8190241827682586
CheXpert,4,6,Pleural Effusion,0.7972999222999224
CheXpert,4,7,Atelectasis,0.3151946657625586
CheXpert,4,7,Cardiomegaly,0.5398774170287861
CheXpert,4,7,Consolidation,0.848890841203602
CheXpert,4,7,Edema,0.7589014461052376
CheXpert,4,7,Pleural Effusion,0.8630050505050505
CheXpert,4,8,Atelectasis,0.4041362942871673
CheXpert,4,8,Cardiomegaly,0.7458206038065238
CheXpert,4,8,Consolidation,0.31019840398272197
CheXpert,4,8,Edema,0.7804411228581845
CheXpert,4,8,Pleural Effusion,0.39996114996114995
CheXpert,4,9,Atelectasis,0.4321636435554049
CheXpert,4,9,Cardiomegaly,0.8549118579100173
CheXpert,4,9,Consolidation,0.4422724943260854
CheXpert,4,9,Edema,0.667669218617086
CheXpert,4,9,Pleural Effusion,0.8988199300699301
CheXpert,4,10,Atelectasis,0.7392966792865081
CheXpert,4,10,Cardiomegaly,0.6329342112753563
CheXpert,4,10,Consolidation,0.9014569148546747
CheXpert,4,10,Edema,0.7669826224328594
CheXpert,4,10,Pleural Effusion,0.8968045843045842
CheXpert,4,11,Atelectasis,0.7826185229134881
CheXpert,4,11,Cardiomegaly,0.7971498510408167
CheXpert,4,11,Consolidation,0.6847499816970495
CheXpert,4,11,Edema,0.7288248875926601
CheXpert,4,11,Pleural Effusion,0.9117132867132867
CheXpert,4,12,Atelectasis,0.6853892373471964
CheXpert,4,12,Cardiomegaly,0.8242281637222717
CheXpert,4,12,Consolidation,0.9126583205212682
CheXpert,4,12,Edema,0.7385162231133795
CheXpert,4,12,Pleural Effusion,0.8884275446775447
CheXpert,4,13,Atelectasis,0.6855587576048671
CheXpert,4,13,Cardiomegaly,0.7907740184823242
CheXpert,4,13,Consolidation,0.8922322278351269
CheXpert,4,13,Edema,0.8602199538218496
CheXpert,4,13,Pleural Effusion,0.8875534188034189
CheXpert,4,14,Atelectasis,0.7708462827974609
CheXpert,4,14,Cardiomegaly,0.8172071576310745
CheXpert,4,14,Consolidation,0.40325060399736434
CheXpert,4,14,Edema,0.8116721351318508
CheXpert,4,14,Pleural Effusion,0.8729603729603729
CheXpert,4,15,Atelectasis,0.6673070765289786
CheXpert,4,15,Cardiomegaly,0.7639234141065295
CheXpert,4,15,Consolidation,0.8018156526832125
CheXpert,4,15,Edema,0.8147405517073764
CheXpert,4,15,Pleural Effusion,0.8781565656565657
CheXpert,4,16,Atelectasis,0.7823359891507035
CheXpert,4,16,Cardiomegaly,0.8188200914628362
CheXpert,4,16,Consolidation,0.8492569002123145
CheXpert,4,16,Edema,0.7567140600315957
CheXpert,4,16,Pleural Effusion,0.8922154234654236
CheXpert,4,17,Atelectasis,0.2518129249778682
CheXpert,4,17,Cardiomegaly,0.7639803411829447
CheXpert,4,17,Consolidation,0.8269273006808697
CheXpert,4,17,Edema,0.8033175355450237
CheXpert,4,17,Pleural Effusion,0.8626651126651127
CheXpert,4,18,Atelectasis,0.8146390160290822
CheXpert,4,18,Cardiomegaly,0.8301296039773051
CheXpert,4,18,Consolidation,0.7863679625155575
CheXpert,4,18,Edema,0.5445376108883218
CheXpert,4,18,Pleural Effusion,0.9032391219891219
CheXpert,4,19,Atelectasis,0.28130944981258593
CheXpert,4,19,Cardiomegaly,0.45126093474259477
CheXpert,4,19,Consolidation,0.8494765356175416
CheXpert,4,19,Edema,0.8071454611738972
CheXpert,4,19,Pleural Effusion,0.8916569541569541
CheXpert,8,0,Atelectasis,0.6406358893221074
CheXpert,8,0,Cardiomegaly,0.6651928879105865
CheXpert,8,0,Consolidation,0.8451570393147376
CheXpert,8,0,Edema,0.8347004496293595
CheXpert,8,0,Pleural Effusion,0.8987956487956488
CheXpert,8,1,Atelectasis,0.2022565029854401
CheXpert,8,1,Cardiomegaly,0.6687792937247385
CheXpert,8,1,Consolidation,0.7980086389926055
CheXpert,8,1,Edema,0.8219406975331146
CheXpert,8,1,Pleural Effusion,0.8624222999222999
CheXpert,8,2,Atelectasis,0.7543274754666516
CheXpert,8,2,Cardiomegaly,0.8277766181521471
CheXpert,8,2,Consolidation,0.9061424701661909
CheXpert,8,2,Edema,0.7531595576619273
CheXpert,8,2,Pleural Effusion,0.901199494949495
CheXpert,8,3,Atelectasis,0.7706767625397901
CheXpert,8,3,Cardiomegaly,0.8523121880870604
CheXpert,8,3,Consolidation,0.8358591404934476
CheXpert,8,3,Edema,0.8282294324948353
CheXpert,8,3,Pleural Effusion,0.8924825174825175
CheXpert,8,4,Atelectasis,0.3806106496392986
CheXpert,8,4,Cardiomegaly,0.8415150192603276
CheXpert,8,4,Consolidation,0.6554652610000733
CheXpert,8,4,Edema,0.7614230161623526
CheXpert,8,4,Pleural Effusion,0.8941579254079255
CheXpert,8,5,Atelectasis,0.22794823981465784
CheXpert,8,5,Cardiomegaly,0.7763145410728856
CheXpert,8,5,Consolidation,0.8231934987920053
CheXpert,8,5,Edema,0.7971807023939725
CheXpert,8,5,Pleural Effusion,0.8339403651903652
CheXpert,8,6,Atelectasis,0.6065058107777213
CheXpert,8,6,Cardiomegaly,0.8739634528169414
CheXpert,8,6,Consolidation,0.9179295702467238
CheXpert,8,6,Edema,0.8097277919552801
CheXpert,8,6,Pleural Effusion,0.9047202797202798
CheXpert,8,7,Atelectasis,0.6687009097587161
CheXpert,8,7,Cardiomegaly,0.5712252604413746
CheXpert,8,7,Consolidation,0.8956731825170218
CheXpert,8,7,Edema,0.8065682342933528
CheXpert,8,7,Pleural Effusion,0.9112276612276612
CheXpert,8,8,Atelectasis,0.277768359985685
CheXpert,8,8,Cardiomegaly,0.7918176815499345
CheXpert,8,8,Consolidation,0.8340288454498865
CheXpert,8,8,Edema,0.7166423623769596
CheXpert,8,8,Pleural Effusion,0.8673513986013986
CheXpert,8,9,Atelectasis,0.5134580249006423
CheXpert,8,9,Cardiomegaly,0.8387635439002638
CheXpert,8,9,Consolidation,0.6629328647778021
CheXpert,8,9,Edema,0.747083485235144
CheXpert,8,9,Pleural Effusion,0.8823086635586636
CheXpert,8,10,Atelectasis,0.8372228814676688
CheXpert,8,10,Cardiomegaly,0.6869010797168826
CheXpert,8,10,Consolidation,0.8251702174390512
CheXpert,8,10,Edema,0.7603597034876656
CheXpert,8,10,Pleural Effusion,0.6954885392385391
CheXpert,8,11,Atelectasis,0.4415626000640409
CheXpert,8,11,Cardiomegaly,0.810110248771324
CheXpert,8,11,Consolidation,0.8422285672450399
CheXpert,8,11,Edema,0.793717341110706
CheXpert,8,11,Pleural Effusion,0.8831585081585083
CheXpert,8,12,Atelectasis,0.7762709310429262
CheXpert,8,12,Cardiomegaly,0.8318374162697585
CheXpert,8,12,Consolidation,0.8033531005198038
CheXpert,8,12,Edema,0.657036091870215
CheXpert,8,12,Pleural Effusion,0.9044531857031857
CheXpert,8,13,Atelectasis,0.8099866267352283
CheXpert,8,13,Cardiomegaly,0.7773012770640809
CheXpert,8,13,Consolidation,0.848890841203602
CheXpert,8,13,Edema,0.7801676995989792
CheXpert,8,13,Pleural Effusion,0.8745143745143745
CheXpert,8,14,Atelectasis,0.7728240191369536
CheXpert,8,14,Cardiomegaly,0.6987798629955027
CheXpert,8,14,Consolidation,0.8996998316128562
CheXpert,8,14,Edema,0.807601166605906
CheXpert,8,14,Pleural Effusion,0.9044046231546232
CheXpert,8,15,Atelectasis,0.8277485826222901
CheXpert,8,15,Cardiomegaly,0.5684168580048957
CheXpert,8,15,Consolidation,0.8751738780291384
CheXpert,8,15,Edema,0.8106088224571637
CheXpert,8,15,Pleural Effusion,0.9010538073038074
CheXpert,8,16,Atelectasis,0.73686688892656
CheXpert,8,16,Cardiomegaly,0.8720848592952427
CheXpert,8,16,Consolidation,0.8720989823559557
CheXpert,8,16,Edema,0.7908312067079839
CheXpert,8,16,Pleural Effusion,0.910499222999223
CheXpert,8,17,Atelectasis,0.6082575201069861
CheXpert,8,17,Cardiomegaly,0.7850623351486745
CheXpert,8,17,Consolidation,0.6433121019108281
CheXpert,8,17,Edema,0.839318264673715
CheXpert,8,17,Pleural Effusion,0.9244609557109558
CheXpert,8,18,Atelectasis,0.6250588612005802
CheXpert,8,18,Cardiomegaly,0.8435643940112716
CheXpert,8,18,Consolidation,0.883080752617322
CheXpert,8,18,Edema,0.8504374772147284
CheXpert,8,18,Pleural Effusion,0.9038704351204352
CheXpert,8,19,Atelectasis,0.8450208133205251
CheXpert,8,19,Cardiomegaly,0.6879637184766314
CheXpert,8,19,Consolidation,0.726480708690241
CheXpert,8,19,Edema,0.8350346336128327
CheXpert,8,19,Pleural Effusion,0.8747814685314685
CheXpert,16,0,Atelectasis,0.5983123316569663
CheXpert,16,0,Cardiomegaly,0.7082487333725498
CheXpert,16,0,Consolidation,0.8468409107548138
CheXpert,16,0,Edema,0.8522906793048973
CheXpert,16,0,Pleural Effusion,0.9021950271950272
CheXpert,16,1,Atelectasis,0.8226064681396094
CheXpert,16,1,Cardiomegaly,0.8172071576310745
CheXpert,16,1,Consolidation,0.8980891719745223
CheXpert,16,1,Edema,0.8359156641147163
CheXpert,16,1,Pleural Effusion,0.9112033799533799
CheXpert,16,2,Atelectasis,0.8472245766702454
CheXpert,16,2,Cardiomegaly,0.6320233780527145
CheXpert,16,2,Consolidation,0.8301486199575372
CheXpert,16,2,Edema,0.8350346336128327
CheXpert,16,2,Pleural Effusion,0.9132187257187256
CheXpert,16,3,Atelectasis,0.8484865608106835
CheXpert,16,3,Cardiomegaly,0.8777396155524771
CheXpert,16,3,Consolidation,0.828464748517461
CheXpert,16,3,Edema,0.8300218738607364
CheXpert,16,3,Pleural Effusion,0.8914627039627039
CheXpert,16,4,Atelectasis,0.7437230415701344
CheXpert,16,4,Cardiomegaly,0.6994440122203458
CheXpert,16,4,Consolidation,0.8371037411230691
CheXpert,16,4,Edema,0.8286243772025762
CheXpert,16,4,Pleural Effusion,0.9089695027195026
CheXpert,16,5,Atelectasis,0.24258348872690286
CheXpert,16,5,Cardiomegaly,0.5683219795442038
CheXpert,16,5,Consolidation,0.8144812943846549
CheXpert,16,5,Edema,0.8036213391663629
CheXpert,16,5,Pleural Effusion,0.8997668997668997
CheXpert,16,6,Atelectasis,0.7410483886157728
CheXpert,16,6,Cardiomegaly,0.7963528719710051
CheXpert,16,6,Consolidation,0.8946482172926277
CheXpert,16,6,Edema,0.8571819176084579
CheXpert,16,6,Pleural Effusion,0.8896658896658897
CheXpert,16,7,Atelectasis,0.8438906782693865
CheXpert,16,7,Cardiomegaly,0.8405282832691323
CheXpert,16,7,Consolidation,0.896551724137931
CheXpert,16,7,Edema,0.7997022724510876
CheXpert,16,7,Pleural Effusion,0.9066142191142191
CheXpert,16,8,Atelectasis,0.7791339398391441
CheXpert,16,8,Cardiomegaly,0.8600542704795157
CheXpert,16,8,Consolidation,0.8647778021817117
CheXpert,16,8,Edema,0.8425082026977762
CheXpert,16,8,Pleural Effusion,0.9098193473193473
CheXpert,16,9,Atelectasis,0.8200448286903619
CheXpert,16,9,Cardiomegaly,0.8844000834930454
CheXpert,16,9,Consolidation,0.9068013763818727
CheXpert,16,9,Edema,0.8331206707983959
CheXpert,16,9,Pleural Effusion,0.7528894716394716
CheXpert,16,10,Atelectasis,0.4439358836714321
CheXpert,16,10,Cardiomegaly,0.8511167194823431
CheXpert,16,10,Consolidation,0.8398125777875395
CheXpert,16,10,Edema,0.8218495564467128
CheXpert,16,10,Pleural Effusion,0.8569832944832944
CheXpert,16,11,Atelectasis,0.8353769942174756
CheXpert,16,11,Cardiomegaly,0.8376439780640998
CheXpert,16,11,Consolidation,0.8753203016326232
CheXpert,16,11,Edema,0.8329383886255923
CheXpert,16,11,Pleural Effusion,0.9057643745143745
CheXpert,16,12,Atelectasis,0.8153736038123222
CheXpert,16,12,Cardiomegaly,0.8840774967266931
CheXpert,16,12,Consolidation,0.8758327842448203
CheXpert,16,12,Edema,0.7839956252278527
CheXpert,16,12,Pleural Effusion,0.9086781274281275
CheXpert,16,13,Atelectasis,0.511197754798365
CheXpert,16,13,Cardiomegaly,0.830224482437997
CheXpert,16,13,Consolidation,0.8953071235083095
CheXpert,16,13,Edema,0.8672681978369181
CheXpert,16,13,Pleural Effusion,0.9140200077700078
CheXpert,16,14,Atelectasis,0.7823171535665179
CheXpert,16,14,Cardiomegaly,0.48999032239700946
CheXpert,16,14,Consolidation,0.8997730434145984
CheXpert,16,14,Edema,0.7685320209016892
CheXpert,16,14,Pleural Effusion,0.8687354312354312
CheXpert,16,15,Atelectasis,0.7208378067845774
CheXpert,16,15,Cardiomegaly,0.8347027457826524
CheXpert,16,15,Consolidation,0.8801522805476244
CheXpert,16,15,Edema,0.8383157127232956
CheXpert,16,15,Pleural Effusion,0.9198232323232323
CheXpert,16,16,Atelectasis,0.8552296999491439
CheXpert,16,16,Cardiomegaly,0.8329000550295071
CheXpert,16,16,Consolidation,0.8029870415110916
CheXpert,16,16,Edema,0.7752157005711507
CheXpert,16,16,Pleural Effusion,0.8832313519813519
CheXpert,16,17,Atelectasis,0.6917933359703151
CheXpert,16,17,Cardiomegaly,0.7829560333213155
CheXpert,16,17,Consolidation,0.8819825755911853
CheXpert,16,17,Edema,0.8138291408433589
CheXpert,16,17,Pleural Effusion,0.9169094794094794
CheXpert,16,18,Atelectasis,0.5840161232600629
CheXpert,16,18,Cardiomegaly,0.8491622231920909
CheXpert,16,18,Consolidation,0.8571637748004978
CheXpert,16,18,Edema,0.8646858670555353
CheXpert,16,18,Pleural Effusion,0.9206487956487956
CheXpert,16,19,Atelectasis,0.6831666384132904
CheXpert,16,19,Cardiomegaly,0.8649689747433538
CheXpert,16,19,Consolidation,0.8726114649681529
CheXpert,16,19,Edema,0.8700024304289706
CheXpert,16,19,Pleural Effusion,0.8947406759906761
CheXpert,32,0,Atelectasis,0.6722985063381741
CheXpert,32,0,Cardiomegaly,0.6129717831457903
CheXpert,32,0,Consolidation,0.8944285818874003
CheXpert,32,0,Edema,0.8813950662291894
CheXpert,32,0,Pleural Effusion,0.9272533022533024
CheXpert,32,1,Atelectasis,0.3711740219622912
CheXpert,32,1,Cardiomegaly,0.8976071652213514
CheXpert,32,1,Consolidation,0.8820557873929278
CheXpert,32,1,Edema,0.8268015554745413
CheXpert,32,1,Pleural Effusion,0.906650641025641
CheXpert,32,2,Atelectasis,0.8076133431278371
CheXpert,32,2,Cardiomegaly,0.7162374997628039
CheXpert,32,2,Consolidation,0.8808843985650487
CheXpert,32,2,Edema,0.8455158585490339
CheXpert,32,2,Pleural Effusion,0.9046717171717171
CheXpert,32,3,Atelectasis,0.842496845039649
CheXpert,32,3,Cardiomegaly,0.8312681455056075
CheXpert,32,3,Consolidation,0.8393000951753424
CheXpert,32,3,Edema,0.7966034755134281
CheXpert,32,3,Pleural Effusion,0.9114461926961925
CheXpert,32,4,Atelectasis,0.8112486108756662
CheXpert,32,4,Cardiomegaly,0.8203760982181826
CheXpert,32,4,Consolidation,0.8884252141445201
CheXpert,32,4,Edema,0.7851804593510754
CheXpert,32,4,Pleural Effusion,0.9148941336441336
CheXpert,32,5,Atelectasis,0.5501685784784616
CheXpert,32,5,Cardiomegaly,0.8039051974420767
CheXpert,32,5,Consolidation,0.8880591551358079
CheXpert,32,5,Edema,0.8231255316563374
CheXpert,32,5,Pleural Effusion,0.906784188034188
CheXpert,32,6,Atelectasis,0.8341903524137801
CheXpert,32,6,Cardiomegaly,0.8815916810565665
CheXpert,32,6,Consolidation,0.9158064279961929
CheXpert,32,6,Edema,0.845850042532507
CheXpert,32,6,Pleural Effusion,0.883935508935509
CheXpert,32,7,Atelectasis,0.7897383737356615
CheXpert,32,7,Cardiomegaly,0.5960644414505019
CheXpert,32,7,Consolidation,0.8524050076872391
CheXpert,32,7,Edema,0.7981224936201239
CheXpert,32,7,Pleural Effusion,0.9042832167832168
CheXpert,32,8,Atelectasis,0.7969147313103916
CheXpert,32,8,Cardiomegaly,0.8607753467807737
CheXpert,32,8,Consolidation,0.8887912731532324
CheXpert,32,8,Edema,0.8384676145339653
CheXpert,32,8,Pleural Effusion,0.9181963869463869
CheXpert,32,9,Atelectasis,0.8166920947053173
CheXpert,32,9,Cardiomegaly,0.7825195924021329
CheXpert,32,9,Consolidation,0.8862288600922469
CheXpert,32,9,Edema,0.8172013610402236
CheXpert,32,9,Pleural Effusion,0.9151369463869464
CheXpert,32,10,Atelectasis,0.8014541070991316
CheXpert,32,10,Cardiomegaly,0.7721588644945824
CheXpert,32,10,Consolidation,0.8922322278351271
CheXpert,32,10,Edema,0.7967553773240976
CheXpert,32,10,Pleural Effusion,0.890224358974359
CheXpert,32,11,Atelectasis,0.8389369196285623
CheXpert,32,11,Cardiomegaly,0.8533178997703941
CheXpert,32,11,Consolidation,0.9027747272860386
CheXpert,32,11,Edema,0.8362650382792562
CheXpert,32,11,Pleural Effusion,0.9067113442113443
CheXpert,32,12,Atelectasis,0.8292742649413272
CheXpert,32,12,Cardiomegaly,0.8794853792292074
CheXpert,32,12,Consolidation,0.9177831466432389
CheXpert,32,12,Edema,0.8293838862559242
CheXpert,32,12,Pleural Effusion,0.8902972027972028
CheXpert,32,13,Atelectasis,0.7878359797329113
CheXpert,32,13,Cardiomegaly,0.8656710753524733
CheXpert,32,13,Consolidation,0.8627278717329234
CheXpert,32,13,Edema,0.8253736784542471
CheXpert,32,13,Pleural Effusion,0.9067356254856254
CheXpert,32,14,Atelectasis,0.8330225461942702
CheXpert,32,14,Cardiomegaly,0.8580807984971252
CheXpert,32,14,Consolidation,0.812358152134124
CheXpert,32,14,Edema,0.77916514764856
CheXpert,32,14,Pleural Effusion,0.8882575757575758
CheXpert,32,15,Atelectasis,0.8433632819121885
CheXpert,32,15,Cardiomegaly,0.9041917303933661
CheXpert,32,15,Consolidation,0.8962588769309614
CheXpert,32,15,Edema,0.842174018714303
CheXpert,32,15,Pleural Effusion,0.9054244366744367
CheXpert,32,16,Atelectasis,0.8174643536569286
CheXpert,32,16,Cardiomegaly,0.8611548606235413
CheXpert,32,16,Consolidation,0.8710740171315616
CheXpert,32,16,Edema,0.8145886498967068
CheXpert,32,16,Pleural Effusion,0.9136072261072261
CheXpert,32,17,Atelectasis,0.7994010284228965
CheXpert,32,17,Cardiomegaly,0.8776067857075087
CheXpert,32,17,Consolidation,0.8414964492276156
CheXpert,32,17,Edema,0.8407765220561428
CheXpert,32,17,Pleural Effusion,0.8970959595959596
CheXpert,32,18,Atelectasis,0.8273153641860201
CheXpert,32,18,Cardiomegaly,0.9003586405814152
CheXpert,32,18,Consolidation,0.8929643458525515
CheXpert,32,18,Edema,0.8237938996232835
CheXpert,32,18,Pleural Effusion,0.9168366355866355
CheXpert,32,19,Atelectasis,0.7853308470362208
CheXpert,32,19,Cardiomegaly,0.7804891933433272
CheXpert,32,19,Consolidation,0.8843253532469434
CheXpert,32,19,Edema,0.8383764734475635
CheXpert,32,19,Pleural Effusion,0.9074640637140637
CheXpert,64,0,Atelectasis,0.6090862858111544
CheXpert,64,0,Cardiomegaly,0.725611491679159
CheXpert,64,0,Consolidation,0.8974302657588403
CheXpert,64,0,Edema,0.8565135496415117
CheXpert,64,0,Pleural Effusion,0.9125874125874127
CheXpert,64,1,Atelectasis,0.8259215309562826
CheXpert,64,1,Cardiomegaly,0.8941346135600295
CheXpert,64,1,Consolidation,0.9023354564755839
CheXpert,64,1,Edema,0.8105784420950297
CheXpert,64,1,Pleural Effusion,0.9148698523698524
CheXpert,64,2,Atelectasis,0.8554933981277429
CheXpert,64,2,Cardiomegaly,0.8942484677128598
CheXpert,64,2,Consolidation,0.8880591551358079
CheXpert,64,2,Edema,0.8394094057601167
CheXpert,64,2,Pleural Effusion,0.9120775058275058
CheXpert,64,3,Atelectasis,0.71594055489631
CheXpert,64,3,Cardiomegaly,0.787491223742386
CheXpert,64,3,Consolidation,0.9021158210703565
CheXpert,64,3,Edema,0.8493741645400414
CheXpert,64,3,Pleural Effusion,0.9189976689976689
CheXpert,64,4,Atelectasis,0.711080974176414
CheXpert,64,4,Cardiomegaly,0.7135050000948784
CheXpert,64,4,Consolidation,0.8822754227981551
CheXpert,64,4,Edema,0.8140721837404303
CheXpert,64,4,Pleural Effusion,0.9167152292152292
CheXpert,64,5,Atelectasis,0.8088564916840896
CheXpert,64,5,Cardiomegaly,0.8782709349323516
CheXpert,64,5,Consolidation,0.9036532689069479
CheXpert,64,5,Edema,0.8376777251184835
CheXpert,64,5,Pleural Effusion,0.9042346542346542
CheXpert,64,6,Atelectasis,0.8310259742705921
CheXpert,64,6,Cardiomegaly,0.6996717205260062
CheXpert,64,6,Consolidation,0.8727578885716378
CheXpert,64,6,Edema,0.8516526917000851
CheXpert,64,6,Pleural Effusion,0.9069541569541569
CheXpert,64,7,Atelectasis,0.8088941628524609
CheXpert,64,7,Cardiomegaly,0.8837549099603408
CheXpert,64,7,Consolidation,0.8670473680357274
CheXpert,64,7,Edema,0.820695102685624
CheXpert,64,7,Pleural Effusion,0.9160353535353535
CheXpert,64,8,Atelectasis,0.8132075116309733
CheXpert,64,8,Cardiomegaly,0.8899979126738649
CheXpert,64,8,Consolidation,0.9027747272860386
CheXpert,64,8,Edema,0.8445740673228825
CheXpert,64,8,Pleural Effusion,0.9105235042735043
CheXpert,64,9,Atelectasis,0.8430995837335895
CheXpert,64,9,Cardiomegaly,0.7617032581263401
CheXpert,64,9,Consolidation,0.8843253532469433
CheXpert,64,9,Edema,0.8330295297119941
CheXpert,64,9,Pleural Effusion,0.9077311577311578
CheXpert,64,10,Atelectasis,0.7938068599197604
CheXpert,64,10,Cardiomegaly,0.8866012637810964
CheXpert,64,10,Consolidation,0.9077531298045245
CheXpert,64,10,Edema,0.8649592903147405
CheXpert,64,10,Pleural Effusion,0.9104020979020979
CheXpert,64,11,Atelectasis,0.7730688817313669
CheXpert,64,11,Cardiomegaly,0.8771323934040495
CheXpert,64,11,Consolidation,0.896185665129219
CheXpert,64,11,Edema,0.8354599586827074
CheXpert,64,11,Pleural Effusion,0.908823815073815
CheXpert,64,12,Atelectasis,0.8221920852875253
CheXpert,64,12,Cardiomegaly,0.8826732955084536
CheXpert,64,12,Consolidation,0.8863752836957318
CheXpert,64,12,Edema,0.8625896220682951
CheXpert,64,12,Pleural Effusion,0.9114461926961926
CheXpert,64,13,Atelectasis,0.8527245672524533
CheXpert,64,13,Cardiomegaly,0.8125770887493122
CheXpert,64,13,Consolidation,0.8731239475803501
CheXpert,64,13,Edema,0.8249179730222385
CheXpert,64,13,Pleural Effusion,0.9202602952602953
CheXpert,64,14,Atelectasis,0.8208924299787158
CheXpert,64,14,Cardiomegaly,0.9097516081899087
CheXpert,64,14,Consolidation,0.9040925397174024
CheXpert,64,14,Edema,0.8407157613318751
CheXpert,64,14,Pleural Effusion,0.9099893162393162
CheXpert,64,15,Atelectasis,0.7541014484564238
CheXpert,64,15,Cardiomegaly,0.8519136985521546
CheXpert,64,15,Consolidation,0.8763452668570174
CheXpert,64,15,Edema,0.7986389597764005
CheXpert,64,15,Pleural Effusion,0.9056186868686869
CheXpert,64,16,Atelectasis,0.790020907498446
CheXpert,64,16,Cardiomegaly,0.8900548397502799
CheXpert,64,16,Consolidation,0.9041657515191449
CheXpert,64,16,Edema,0.8514704095272816
CheXpert,64,16,Pleural Effusion,0.9170066045066045
CheXpert,64,17,Atelectasis,0.8354523365542181
CheXpert,64,17,Cardiomegaly,0.8665249814987002
CheXpert,64,17,Consolidation,0.8901090855845963
CheXpert,64,17,Edema,0.8397739701057236
CheXpert,64,17,Pleural Effusion,0.9167880730380731
CheXpert,64,18,Atelectasis,0.7321956640485204
CheXpert,64,18,Cardiomegaly,0.8155752481071746
CheXpert,64,18,Consolidation,0.902994362691266
CheXpert,64,18,Edema,0.8393486450358487
CheXpert,64,18,Pleural Effusion,0.9078282828282829
CheXpert,64,19,Atelectasis,0.4683279651918404
CheXpert,64,19,Cardiomegaly,0.8783468377009052
CheXpert,64,19,Consolidation,0.849549747419284
CheXpert,64,19,Edema,0.8450297727548912
CheXpert,64,19,Pleural Effusion,0.9150641025641025
NIH,1,0,Atelectasis,0.6924229164443475
NIH,1,0,Cardiomegaly,0.711060829357296
NIH,1,0,Effusion,0.6157767779997466
NIH,1,0,Infiltration,0.6267681686530819
NIH,1,0,Mass,0.5724282608503743
NIH,1,0,Nodule,0.5685422723073212
NIH,1,0,Pneumonia,0.5349697846882464
NIH,1,0,Pneumothorax,0.6388652293449399
NIH,1,0,Consolidation,0.6278823998091863
NIH,1,0,Edema,0.6901067343538261
NIH,1,0,Emphysema,0.6063944071825849
NIH,1,0,Fibrosis,0.4231833886323799
NIH,1,0,Pleural_Thickening,0.6653622556371555
NIH,1,0,Hernia,0.6828478116197023
NIH,1,1,Atelectasis,0.46323899975570343
NIH,1,1,Cardiomegaly,0.6349927913961907
NIH,1,1,Effusion,0.7372340442766251
NIH,1,1,Infiltration,0.5546137215150893
NIH,1,1,Mass,0.588340837316736
NIH,1,1,Nodule,0.495081342665767
NIH,1,1,Pneumonia,0.5837636726219451
NIH,1,1,Pneumothorax,0.5212521322839552
NIH,1,1,Consolidation,0.6953171635156108
NIH,1,1,Edema,0.2942973203027518
NIH,1,1,Emphysema,0.428310680929747
NIH,1,1,Fibrosis,0.5749722134282805
NIH,1,1,Pleural_Thickening,0.6381311816454791
NIH,1,1,Hernia,0.680203841630733
NIH,1,2,Atelectasis,0.6184215264258415
NIH,1,2,Cardiomegaly,0.7933475347970887
NIH,1,2,Effusion,0.6681682186189072
NIH,1,2,Infiltration,0.6437967988702772
NIH,1,2,Mass,0.624115356928741
NIH,1,2,Nodule,0.5118763846542393
NIH,1,2,Pneumonia,0.6215419324919745
NIH,1,2,Pneumothorax,0.7023972480292661
NIH,1,2,Consolidation,0.6757435705495846
NIH,1,2,Edema,0.6962215403356824
NIH,1,2,Emphysema,0.5503970068605226
NIH,1,2,Fibrosis,0.43716397435001353
NIH,1,2,Pleural_Thickening,0.6182361942826095
NIH,1,2,Hernia,0.6755444741232348
NIH,1,3,Atelectasis,0.6269526116128437
NIH,1,3,Cardiomegaly,0.6964213051247661
NIH,1,3,Effusion,0.7165047507206149
NIH,1,3,Infiltration,0.6581977822318433
NIH,1,3,Mass,0.46678984781188565
NIH,1,3,Nodule,0.49764473685597055
NIH,1,3,Pneumonia,0.680565674096284
NIH,1,3,Pneumothorax,0.7110700974773575
NIH,1,3,Consolidation,0.6591739151437306
NIH,1,3,Edema,0.7765847855070019
NIH,1,3,Emphysema,0.3656685950548692
NIH,1,3,Fibrosis,0.4477963295686126
NIH,1,3,Pleural_Thickening,0.6156091252098989
NIH,1,3,Hernia,0.6156931162426044
NIH,1,4,Atelectasis,0.501586342665731
NIH,1,4,Cardiomegaly,0.7751228738852275
NIH,1,4,Effusion,0.6634928856796575
NIH,1,4,Infiltration,0.6642758496433105
NIH,1,4,Mass,0.6572106392545618
NIH,1,4,Nodule,0.5736791356902105
NIH,1,4,Pneumonia,0.4986810099904625
NIH,1,4,Pneumothorax,0.4994350618541325
NIH,1,4,Consolidation,0.6517851195649744
NIH,1,4,Edema,0.7550493795648026
NIH,1,4,Emphysema,0.6428146352787095
NIH,1,4,Fibrosis,0.4554337194901615
NIH,1,4,Pleural_Thickening,0.662626133823813
NIH,1,4,Hernia,0.45545499712834914
NIH,1,5,Atelectasis,0.5944054577036806
NIH,1,5,Cardiomegaly,0.5259606612105717
NIH,1,5,Effusion,0.4248821922098328
NIH,1,5,Infiltration,0.6621471102682185
NIH,1,5,Mass,0.6958841685748872
NIH,1,5,Nodule,0.5821748558317263
NIH,1,5,Pneumonia,0.5439604813871017
NIH,1,5,Pneumothorax,0.6253443502053595
NIH,1,5,Consolidation,0.3826886593610219
NIH,1,5,Edema,0.7566837966011084
NIH,1,5,Emphysema,0.5478774766978698
NIH,1,5,Fibrosis,0.5620897968805033
NIH,1,5,Pleural_Thickening,0.4641112904685222
NIH,1,5,Hernia,0.7727042746574531
NIH,1,6,Atelectasis,0.5701415598793196
NIH,1,6,Cardiomegaly,0.778388628282083
NIH,1,6,Effusion,0.4373068911748731
NIH,1,6,Infiltration,0.6477541714990201
NIH,1,6,Mass,0.45207777355363526
NIH,1,6,Nodule,0.4740701177508204
NIH,1,6,Pneumonia,0.6265006110699174
NIH,1,6,Pneumothorax,0.6851725091253859
NIH,1,6,Consolidation,0.34847973988540754
NIH,1,6,Edema,0.7801103823616085
NIH,1,6,Emphysema,0.529423698851372
NIH,1,6,Fibrosis,0.5040330158834576
NIH,1,6,Pleural_Thickening,0.6726335653673683
NIH,1,6,Hernia,0.4659663788938218
NIH,1,7,Atelectasis,0.49601310884830996
NIH,1,7,Cardiomegaly,0.7764909086464076
NIH,1,7,Effusion,0.7600441299613191
NIH,1,7,Infiltration,0.5026428585248092
NIH,1,7,Mass,0.6190457062348343
NIH,1,7,Nodule,0.5180841539769826
NIH,1,7,Pneumonia,0.5912151998650141
NIH,1,7,Pneumothorax,0.629881438098454
NIH,1,7,Consolidation,0.6786938736076894
NIH,1,7,Edema,0.7247996827438277
NIH,1,7,Emphysema,0.4949796277536306
NIH,1,7,Fibrosis,0.5368574883497403
NIH,1,7,Pleural_Thickening,0.6906470888374465
NIH,1,7,Hernia,0.7856914297174843
NIH,1,8,Atelectasis,0.5254560548118633
NIH,1,8,Cardiomegaly,0.7119952342091607
NIH,1,8,Effusion,0.7344289716544801
NIH,1,8,Infiltration,0.5882583103158344
NIH,1,8,Mass,0.5654523005925399
NIH,1,8,Nodule,0.4913857957731715
NIH,1,8,Pneumonia,0.6416953313682676
NIH,1,8,Pneumothorax,0.7479668878566526
NIH,1,8,Consolidation,0.7008227277766368
NIH,1,8,Edema,0.7756597252272337
NIH,1,8,Emphysema,0.5484403033868661
NIH,1,8,Fibrosis,0.5108320347993405
NIH,1,8,Pleural_Thickening,0.41254202761317
NIH,1,8,Hernia,0.7675708568459245
NIH,1,9,Atelectasis,0.6011087392053314
NIH,1,9,Cardiomegaly,0.8272411499852228
NIH,1,9,Effusion,0.6417090515780278
NIH,1,9,Infiltration,0.6841911911411269
NIH,1,9,Mass,0.6193765463112297
NIH,1,9,Nodule,0.5625360801388315
NIH,1,9,Pneumonia,0.6570135608233127
NIH,1,9,Pneumothorax,0.7042633242741521
NIH,1,9,Consolidation,0.6911275906883554
NIH,1,9,Edema,0.7347633012608085
NIH,1,9,Emphysema,0.42518204261188175
NIH,1,9,Fibrosis,0.5357272041615215
NIH,1,9,Pleural_Thickening,0.6897544163050449
NIH,1,9,Hernia,0.389313356367316
NIH,1,10,Atelectasis,0.5793546790094866
NIH,1,10,Cardiomegaly,0.7685046352956784
NIH,1,10,Effusion,0.7489106186081452
NIH,1,10,Infiltration,0.6744968989188068
NIH,1,10,Mass,0.4238969470644363
NIH,1,10,Nodule,0.508141861380868
NIH,1,10,Pneumonia,0.6454694661116129
NIH,1,10,Pneumothorax,0.5045798706176445
NIH,1,10,Consolidation,0.5392292247103766
NIH,1,10,Edema,0.7659320331234725
NIH,1,10,Emphysema,0.6428333980352836
NIH,1,10,Fibrosis,0.5058552576579243
NIH,1,10,Pleural_Thickening,0.6149106581486745
NIH,1,10,Hernia,0.7132506176328481
NIH,1,11,Atelectasis,0.6721986719322784
NIH,1,11,Cardiomegaly,0.7717777697345278
NIH,1,11,Effusion,0.7183089077605924
NIH,1,11,Infiltration,0.6517663279697343
NIH,1,11,Mass,0.5012928226978338
NIH,1,11,Nodule,0.49931089039145216
NIH,1,11,Pneumonia,0.4085962085243264
NIH,1,11,Pneumothorax,0.53336946969467
NIH,1,11,Consolidation,0.5429962781362485
NIH,1,11,Edema,0.7383205360928193
NIH,1,11,Emphysema,0.40210527090078674
NIH,1,11,Fibrosis,0.5214970075472577
NIH,1,11,Pleural_Thickening,0.5880851150916077
NIH,1,11,Hernia,0.7691324879436245
NIH,1,12,Atelectasis,0.5334474108366973
NIH,1,12,Cardiomegaly,0.6103409720518382
NIH,1,12,Effusion,0.6371544260732407
NIH,1,12,Infiltration,0.6193446893531114
NIH,1,12,Mass,0.6530758159802318
NIH,1,12,Nodule,0.5055376531499971
NIH,1,12,Pneumonia,0.663809586512354
NIH,1,12,Pneumothorax,0.5929689059019787
NIH,1,12,Consolidation,0.6726708116985305
NIH,1,12,Edema,0.7687311834553536
NIH,1,12,Emphysema,0.5583832575125051
NIH,1,12,Fibrosis,0.5720216518266045
NIH,1,12,Pleural_Thickening,0.6539819688735284
NIH,1,12,Hernia,0.6187694292252013
NIH,1,13,Atelectasis,0.62777280288408
NIH,1,13,Cardiomegaly,0.8124225786873618
NIH,1,13,Effusion,0.686964916682802
NIH,1,13,Infiltration,0.3373132470554441
NIH,1,13,Mass,0.6575906081767288
NIH,1,13,Nodule,0.4800564297804839
NIH,1,13,Pneumonia,0.5309913003934807
NIH,1,13,Pneumothorax,0.580724627590251
NIH,1,13,Consolidation,0.3776377372819911
NIH,1,13,Edema,0.7550259359111858
NIH,1,13,Emphysema,0.5595216807666138
NIH,1,13,Fibrosis,0.564559912325543
NIH,1,13,Pleural_Thickening,0.4731035977064434
NIH,1,13,Hernia,0.7841143008213833
NIH,1,14,Atelectasis,0.6421776721550656
NIH,1,14,Cardiomegaly,0.7694130479066177
NIH,1,14,Effusion,0.5940284665914017
NIH,1,14,Infiltration,0.4846811395657169
NIH,1,14,Mass,0.6251622235446923
NIH,1,14,Nodule,0.587745625412076
NIH,1,14,Pneumonia,0.5920989037438061
NIH,1,14,Pneumothorax,0.739250723865863
NIH,1,14,Consolidation,0.7008844595825799
NIH,1,14,Edema,0.7427811622574705
NIH,1,14,Emphysema,0.46071577246604867
NIH,1,14,Fibrosis,0.5100063179331998
NIH,1,14,Pleural_Thickening,0.6222023437108394
NIH,1,14,Hernia,0.47675558148651237
NIH,1,15,Atelectasis,0.5686772971829585
NIH,1,15,Cardiomegaly,0.6776748161273025
NIH,1,15,Effusion,0.684448793409613
NIH,1,15,Infiltration,0.6390982614880139
NIH,1,15,Mass,0.6211059632439471
NIH,1,15,Nodule,0.5232408075433189
NIH,1,15,Pneumonia,0.6456551435825426
NIH,1,15,Pneumothorax,0.5476054396978356
NIH,1,15,Consolidation,0.61040043658253
NIH,1,15,Edema,0.7657491507153054
NIH,1,15,Emphysema,0.5277458416784039
NIH,1,15,Fibrosis,0.47219063255622296
NIH,1,15,Pleural_Thickening,0.6317717753689572
NIH,1,15,Hernia,0.4800860127811255
NIH,1,16,Atelectasis,0.6513285726586538
NIH,1,16,Cardiomegaly,0.7818554554509963
NIH,1,16,Effusion,0.7662212233373707
NIH,1,16,Infiltration,0.6472246055563379
NIH,1,16,Mass,0.6491214476582046
NIH,1,16,Nodule,0.5308446843528709
NIH,1,16,Pneumonia,0.5523039152726466
NIH,1,16,Pneumothorax,0.6214238031821215
NIH,1,16,Consolidation,0.7149276635061695
NIH,1,16,Edema,0.807359839268558
NIH,1,16,Emphysema,0.5048637359004419
NIH,1,16,Fibrosis,0.5487708353605083
NIH,1,16,Pleural_Thickening,0.531261517309314
NIH,1,16,Hernia,0.7491136626767433
NIH,1,17,Atelectasis,0.5423098686298727
NIH,1,17,Cardiomegaly,0.8496580752171592
NIH,1,17,Effusion,0.783234727313062
NIH,1,17,Infiltration,0.4545939400471967
NIH,1,17,Mass,0.6471767321948235
NIH,1,17,Nodule,0.4690777612594
NIH,1,17,Pneumonia,0.5937768366185763
NIH,1,17,Pneumothorax,0.48045379306203134
NIH,1,17,Consolidation,0.6569938290203896
NIH,1,17,Edema,0.7510879060325779
NIH,1,17,Emphysema,0.6906174343384731
NIH,1,17,Fibrosis,0.6525319471340201
NIH,1,17,Pleural_Thickening,0.5453362082040075
NIH,1,17,Hernia,0.53453274137821
NIH,1,18,Atelectasis,0.608285472614833
NIH,1,18,Cardiomegaly,0.6255849541424786
NIH,1,18,Effusion,0.7393367682976271
NIH,1,18,Infiltration,0.42029690793412455
NIH,1,18,Mass,0.5465523400683351
NIH,1,18,Nodule,0.47956145673124406
NIH,1,18,Pneumonia,0.6333595246138675
NIH,1,18,Pneumothorax,0.6233480521505785
NIH,1,18,Consolidation,0.7036379599288873
NIH,1,18,Edema,0.7808676561933423
NIH,1,18,Emphysema,0.5635340169150078
NIH,1,18,Fibrosis,0.506773436539947
NIH,1,18,Pleural_Thickening,0.648345627348252
NIH,1,18,Hernia,0.580140027166729
NIH,1,19,Atelectasis,0.5591789603799083
NIH,1,19,Cardiomegaly,0.6997278309164109
NIH,1,19,Effusion,0.6831064211289984
NIH,1,19,Infiltration,0.6824548565691168
NIH,1,19,Mass,0.555117683256352
NIH,1,19,Nodule,0.630893802560125
NIH,1,19,Pneumonia,0.6341078828918771
NIH,1,19,Pneumothorax,0.637040782188314
NIH,1,19,Consolidation,0.3105472537918608
NIH,1,19,Edema,0.7874615452873327
NIH,1,19,Emphysema,0.6133671329301911
NIH,1,19,Fibrosis,0.5340434726796214
NIH,1,19,Pleural_Thickening,0.6033724810489557
NIH,1,19,Hernia,0.7797398193139033
NIH,2,0,Atelectasis,0.5316795026576702
NIH,2,0,Cardiomegaly,0.741486663882719
NIH,2,0,Effusion,0.7345741845693726
NIH,2,0,Infiltration,0.3562875769795273
NIH,2,0,Mass,0.5332416733323252
NIH,2,0,Nodule,0.5485189373678989
NIH,2,0,Pneumonia,0.6155458561472699
NIH,2,0,Pneumothorax,0.5130102355357123
NIH,2,0,Consolidation,0.6422961104096924
NIH,2,0,Edema,0.72972933535051
NIH,2,0,Emphysema,0.5908449733679006
NIH,2,0,Fibrosis,0.572308722630855
NIH,2,0,Pleural_Thickening,0.6903356015802486
NIH,2,0,Hernia,0.4597050404310211
NIH,2,1,Atelectasis,0.47878779393808557
NIH,2,1,Cardiomegaly,0.6088723436950013
NIH,2,1,Effusion,0.5394785289132473
NIH,2,1,Infiltration,0.5644857463258885
NIH,2,1,Mass,0.6697000890268421
NIH,2,1,Nodule,0.5399824545887897
NIH,2,1,Pneumonia,0.6678186872627989
NIH,2,1,Pneumothorax,0.5466449679407747
NIH,2,1,Consolidation,0.699671404689926
NIH,2,1,Edema,0.4049342975174924
NIH,2,1,Emphysema,0.5550924567034923
NIH,2,1,Fibrosis,0.6360468924950902
NIH,2,1,Pleural_Thickening,0.5267426801478466
NIH,2,1,Hernia,0.7120550080679715
NIH,2,2,Atelectasis,0.5759470715586495
NIH,2,2,Cardiomegaly,0.7493433955660936
NIH,2,2,Effusion,0.7683925268168906
NIH,2,2,Infiltration,0.6627458865765546
NIH,2,2,Mass,0.6254224888826796
NIH,2,2,Nodule,0.5227059071564362
NIH,2,2,Pneumonia,0.5427954371047697
NIH,2,2,Pneumothorax,0.6277960564129783
NIH,2,2,Consolidation,0.6948092922759482
NIH,2,2,Edema,0.7793959424951278
NIH,2,2,Emphysema,0.7285984250710156
NIH,2,2,Fibrosis,0.46994623589600215
NIH,2,2,Pleural_Thickening,0.5818696813309329
NIH,2,2,Hernia,0.6757293081600466
NIH,2,3,Atelectasis,0.6121470929231566
NIH,2,3,Cardiomegaly,0.813102324415738
NIH,2,3,Effusion,0.49200794769123724
NIH,2,3,Infiltration,0.6574387480706414
NIH,2,3,Mass,0.6104117793700301
NIH,2,3,Nodule,0.5432046948277893
NIH,2,3,Pneumonia,0.5908013560463542
NIH,2,3,Pneumothorax,0.6136814391293629
NIH,2,3,Consolidation,0.3671509526263704
NIH,2,3,Edema,0.6642690016837803
NIH,2,3,Emphysema,0.6488071050097157
NIH,2,3,Fibrosis,0.47697366888274
NIH,2,3,Pleural_Thickening,0.568337266638137
NIH,2,3,Hernia,0.6793234299362767
NIH,2,4,Atelectasis,0.6202162803092205
NIH,2,4,Cardiomegaly,0.8348314564316457
NIH,2,4,Effusion,0.6368788163184435
NIH,2,4,Infiltration,0.67505976426758
NIH,2,4,Mass,0.6735919068286793
NIH,2,4,Nodule,0.5224520402252699
NIH,2,4,Pneumonia,0.6095098093181237
NIH,2,4,Pneumothorax,0.7547064719732245
NIH,2,4,Consolidation,0.6478472697895384
NIH,2,4,Edema,0.7949163642179734
NIH,2,4,Emphysema,0.6419859935368745
NIH,2,4,Fibrosis,0.6126923760408258
NIH,2,4,Pleural_Thickening,0.549164878906556
NIH,2,4,Hernia,0.5809249450739792
NIH,2,5,Atelectasis,0.5400448195491061
NIH,2,5,Cardiomegaly,0.5563609802419685
NIH,2,5,Effusion,0.698128772793019
NIH,2,5,Infiltration,0.6706610139101918
NIH,2,5,Mass,0.5968826835787602
NIH,2,5,Nodule,0.5660344576907596
NIH,2,5,Pneumonia,0.6192299763522958
NIH,2,5,Pneumothorax,0.6693551001319482
NIH,2,5,Consolidation,0.7026999816854972
NIH,2,5,Edema,0.5827254233277499
NIH,2,5,Emphysema,0.5844067154762198
NIH,2,5,Fibrosis,0.6064979234876818
NIH,2,5,Pleural_Thickening,0.659572853867646
NIH,2,5,Hernia,0.7559497871331807
NIH,2,6,Atelectasis,0.6595973092418657
NIH,2,6,Cardiomegaly,0.7631729649572342
NIH,2,6,Effusion,0.7526380816150207
NIH,2,6,Infiltration,0.33580999153151303
NIH,2,6,Mass,0.667875005181558
NIH,2,6,Nodule,0.48579528741244865
NIH,2,6,Pneumonia,0.5502723641336317
NIH,2,6,Pneumothorax,0.5806374175958008
NIH,2,6,Consolidation,0.5815995082770316
NIH,2,6,Edema,0.7369597744150863
NIH,2,6,Emphysema,0.6465084339617618
NIH,2,6,Fibrosis,0.5706198746737676
NIH,2,6,Pleural_Thickening,0.6459917268039936
NIH,2,6,Hernia,0.7786650014130345
NIH,2,7,Atelectasis,0.5586424152590301
NIH,2,7,Cardiomegaly,0.7958665509913416
NIH,2,7,Effusion,0.7316487377462857
NIH,2,7,Infiltration,0.6449361835419262
NIH,2,7,Mass,0.4905073378536989
NIH,2,7,Nodule,0.5504791807398645
NIH,2,7,Pneumonia,0.6104654312872835
NIH,2,7,Pneumothorax,0.7636590168580626
NIH,2,7,Consolidation,0.6704619969434126
NIH,2,7,Edema,0.7757601604685226
NIH,2,7,Emphysema,0.52488882459974
NIH,2,7,Fibrosis,0.5905660877283626
NIH,2,7,Pleural_Thickening,0.6688059859077955
NIH,2,7,Hernia,0.3529124465553864
NIH,2,8,Atelectasis,0.5826284405701357
NIH,2,8,Cardiomegaly,0.8145772649015157
NIH,2,8,Effusion,0.7156402301817206
NIH,2,8,Infiltration,0.6385540800828925
NIH,2,8,Mass,0.6333651815234087
NIH,2,8,Nodule,0.465830847544934
NIH,2,8,Pneumonia,0.414388259110914
NIH,2,8,Pneumothorax,0.6146468936133794
NIH,2,8,Consolidation,0.6842118444673579
NIH,2,8,Edema,0.7648435464770432
NIH,2,8,Emphysema,0.45886822902989377
NIH,2,8,Fibrosis,0.5539713669257339
NIH,2,8,Pleural_Thickening,0.6213379719388836
NIH,2,8,Hernia,0.7276920587457721
NIH,2,9,Atelectasis,0.5854687352221367
NIH,2,9,Cardiomegaly,0.7948596424711005
NIH,2,9,Effusion,0.7783700357074583
NIH,2,9,Infiltration,0.4812759635439899
NIH,2,9,Mass,0.6100030480034881
NIH,2,9,Nodule,0.5550351122832039
NIH,2,9,Pneumonia,0.4056322765799224
NIH,2,9,Pneumothorax,0.5466532561220655
NIH,2,9,Consolidation,0.7040684839611407
NIH,2,9,Edema,0.7420076750578148
NIH,2,9,Emphysema,0.6412500827521577
NIH,2,9,Fibrosis,0.6046379933915241
NIH,2,9,Pleural_Thickening,0.6666826059698003
NIH,2,9,Hernia,0.5253031187040195
NIH,2,10,Atelectasis,0.547736124094962
NIH,2,10,Cardiomegaly,0.5833859502994028
NIH,2,10,Effusion,0.5072657826675177
NIH,2,10,Infiltration,0.6674920617171721
NIH,2,10,Mass,0.6404246584201851
NIH,2,10,Nodule,0.6340056803994862
NIH,2,10,Pneumonia,0.6524712804334225
NIH,2,10,Pneumothorax,0.6453616498406223
NIH,2,10,Consolidation,0.652723039887736
NIH,2,10,Edema,0.6670096962513159
NIH,2,10,Emphysema,0.6243073695739181
NIH,2,10,Fibrosis,0.4995150312447607
NIH,2,10,Pleural_Thickening,0.6605253122037208
NIH,2,10,Hernia,0.6999407437119962
NIH,2,11,Atelectasis,0.5260309929112992
NIH,2,11,Cardiomegaly,0.6276984684944481
NIH,2,11,Effusion,0.7273304517075727
NIH,2,11,Infiltration,0.6585577441511952
NIH,2,11,Mass,0.6762231187490261
NIH,2,11,Nodule,0.6541288658099367
NIH,2,11,Pneumonia,0.6611427529122509
NIH,2,11,Pneumothorax,0.6359504895304234
NIH,2,11,Consolidation,0.6677158756851866
NIH,2,11,Edema,0.7710151430665395
NIH,2,11,Emphysema,0.599089459292454
NIH,2,11,Fibrosis,0.5200283507544744
NIH,2,11,Pleural_Thickening,0.5864486263021973
NIH,2,11,Hernia,0.757781262250098
NIH,2,12,Atelectasis,0.5182580238557939
NIH,2,12,Cardiomegaly,0.6345720527230201
NIH,2,12,Effusion,0.6107190519057245
NIH,2,12,Infiltration,0.6898903355794149
NIH,2,12,Mass,0.6357961957961061
NIH,2,12,Nodule,0.5858611373202535
NIH,2,12,Pneumonia,0.5743177585156739
NIH,2,12,Pneumothorax,0.6250713802227303
NIH,2,12,Consolidation,0.7199123823067307
NIH,2,12,Edema,0.7409476494450756
NIH,2,12,Emphysema,0.5891278357572887
NIH,2,12,Fibrosis,0.475403550559683
NIH,2,12,Pleural_Thickening,0.5979288780780699
NIH,2,12,Hernia,0.578063094272196
NIH,2,13,Atelectasis,0.6424307897721979
NIH,2,13,Cardiomegaly,0.6809806363335372
NIH,2,13,Effusion,0.7444162365971941
NIH,2,13,Infiltration,0.5992075127625192
NIH,2,13,Mass,0.6221025735454982
NIH,2,13,Nodule,0.4864308221672363
NIH,2,13,Pneumonia,0.40370430332093205
NIH,2,13,Pneumothorax,0.6099702975473447
NIH,2,13,Consolidation,0.5275706014814011
NIH,2,13,Edema,0.6942174146908451
NIH,2,13,Emphysema,0.6380212830521826
NIH,2,13,Fibrosis,0.5550159044717536
NIH,2,13,Pleural_Thickening,0.39949196020476585
NIH,2,13,Hernia,0.6076121539204872
NIH,2,14,Atelectasis,0.6531032110537123
NIH,2,14,Cardiomegaly,0.7533989288755795
NIH,2,14,Effusion,0.7685694122962391
NIH,2,14,Infiltration,0.6190259286784914
NIH,2,14,Mass,0.5576229305433267
NIH,2,14,Nodule,0.5110986047432341
NIH,2,14,Pneumonia,0.6221187162962651
NIH,2,14,Pneumothorax,0.6323440424871973
NIH,2,14,Consolidation,0.7202820201742183
NIH,2,14,Edema,0.4738794974294143
NIH,2,14,Emphysema,0.6179369003082282
NIH,2,14,Fibrosis,0.6152918652155978
NIH,2,14,Pleural_Thickening,0.4784935508792395
NIH,2,14,Hernia,0.7169352192026839
NIH,2,15,Atelectasis,0.6336314935191163
NIH,2,15,Cardiomegaly,0.8255987187789421
NIH,2,15,Effusion,0.7114522333228518
NIH,2,15,Infiltration,0.6779407108168227
NIH,2,15,Mass,0.5021924946860244
NIH,2,15,Nodule,0.44301808624865224
NIH,2,15,Pneumonia,0.6386118117638424
NIH,2,15,Pneumothorax,0.7492830395910793
NIH,2,15,Consolidation,0.6828360210242614
NIH,2,15,Edema,0.7069132924420509
NIH,2,15,Emphysema,0.533882756630917
NIH,2,15,Fibrosis,0.6315046959648827
NIH,2,15,Pleural_Thickening,0.4119767637518708
NIH,2,15,Hernia,0.4577210943268942
NIH,2,16,Atelectasis,0.6963184543083857
NIH,2,16,Cardiomegaly,0.6924211125952983
NIH,2,16,Effusion,0.758007657890861
NIH,2,16,Infiltration,0.6820569137611637
NIH,2,16,Mass,0.6180613421616845
NIH,2,16,Nodule,0.5448342622254309
NIH,2,16,Pneumonia,0.5876567114616713
NIH,2,16,Pneumothorax,0.6752813543002775
NIH,2,16,Consolidation,0.7087350215806469
NIH,2,16,Edema,0.7823457237789855
NIH,2,16,Emphysema,0.5477459133689364
NIH,2,16,Fibrosis,0.5865926879173982
NIH,2,16,Pleural_Thickening,0.6662197400559053
NIH,2,16,Hernia,0.7334346767797397
NIH,2,17,Atelectasis,0.5952608032505317
NIH,2,17,Cardiomegaly,0.676078228902815
NIH,2,17,Effusion,0.6505056680253435
NIH,2,17,Infiltration,0.647263678091085
NIH,2,17,Mass,0.7080110652170075
NIH,2,17,Nodule,0.4957881863348063
NIH,2,17,Pneumonia,0.6108776201623931
NIH,2,17,Pneumothorax,0.4894927052141006
NIH,2,17,Consolidation,0.6889165170287228
NIH,2,17,Edema,0.7656147550412071
NIH,2,17,Emphysema,0.5471001758322328
NIH,2,17,Fibrosis,0.6167592428895843
NIH,2,17,Pleural_Thickening,0.6057657557864768
NIH,2,17,Hernia,0.518015051097153
NIH,2,18,Atelectasis,0.6150908484189588
NIH,2,18,Cardiomegaly,0.8282272342009224
NIH,2,18,Effusion,0.770599142796244
NIH,2,18,Infiltration,0.3516884297802143
NIH,2,18,Mass,0.5314253213717388
NIH,2,18,Nodule,0.5681122855942449
NIH,2,18,Pneumonia,0.6290000795092445
NIH,2,18,Pneumothorax,0.4800997739936508
NIH,2,18,Consolidation,0.6810322799771978
NIH,2,18,Edema,0.509888423545754
NIH,2,18,Emphysema,0.6661023526480448
NIH,2,18,Fibrosis,0.6044949605003547
NIH,2,18,Pleural_Thickening,0.467346038764743
NIH,2,18,Hernia,0.615421904770587
NIH,2,19,Atelectasis,0.5266282329651775
NIH,2,19,Cardiomegaly,0.6859897397202213
NIH,2,19,Effusion,0.7243858311403834
NIH,2,19,Infiltration,0.4802163488151373
NIH,2,19,Mass,0.6853699358906945
NIH,2,19,Nodule,0.5911031713923183
NIH,2,19,Pneumonia,0.5750391699954418
NIH,2,19,Pneumothorax,0.4333673915129842
NIH,2,19,Consolidation,0.3847706279395443
NIH,2,19,Edema,0.7765137972474523
NIH,2,19,Emphysema,0.5947456291085069
NIH,2,19,Fibrosis,0.5407418066730714
NIH,2,19,Pleural_Thickening,0.5903464388752412
NIH,2,19,Hernia,0.7688726719116079
NIH,4,0,Atelectasis,0.44965557214126767
NIH,4,0,Cardiomegaly,0.6909493949185569
NIH,4,0,Effusion,0.6544739922208326
NIH,4,0,Infiltration,0.6660104207869311
NIH,4,0,Mass,0.5444091421489419
NIH,4,0,Nodule,0.48339770668784066
NIH,4,0,Pneumonia,0.66952414256835
NIH,4,0,Pneumothorax,0.5156424408227538
NIH,4,0,Consolidation,0.70576609124839
NIH,4,0,Edema,0.7520664704264883
NIH,4,0,Emphysema,0.508934227259511
NIH,4,0,Fibrosis,0.5916407302489212
NIH,4,0,Pleural_Thickening,0.596343319923925
NIH,4,0,Hernia,0.7670603411338919
NIH,4,1,Atelectasis,0.5062058057972865
NIH,4,1,Cardiomegaly,0.823730233263104
NIH,4,1,Effusion,0.7209368539499206
NIH,4,1,Infiltration,0.6582014014586811
NIH,4,1,Mass,0.5394721129510546
NIH,4,1,Nodule,0.4829917252102701
NIH,4,1,Pneumonia,0.45485623397448005
NIH,4,1,Pneumothorax,0.5733448816962349
NIH,4,1,Consolidation,0.7177825249524964
NIH,4,1,Edema,0.7758362756579287
NIH,4,1,Emphysema,0.5661561914912374
NIH,4,1,Fibrosis,0.5145343527910143
NIH,4,1,Pleural_Thickening,0.6749564817668147
NIH,4,1,Hernia,0.6651431723081691
NIH,4,2,Atelectasis,0.5992091032751719
NIH,4,2,Cardiomegaly,0.653934937320941
NIH,4,2,Effusion,0.7443082330498667
NIH,4,2,Infiltration,0.6481390943273634
NIH,4,2,Mass,0.6672054447427145
NIH,4,2,Nodule,0.583521770576824
NIH,4,2,Pneumonia,0.5334613755962744
NIH,4,2,Pneumothorax,0.7486472059951776
NIH,4,2,Consolidation,0.7123112728718427
NIH,4,2,Edema,0.7466384758557755
NIH,4,2,Emphysema,0.6275650321810213
NIH,4,2,Fibrosis,0.7183168898043726
NIH,4,2,Pleural_Thickening,0.6920232535649029
NIH,4,2,Hernia,0.4237549342255203
NIH,4,3,Atelectasis,0.6645996772530027
NIH,4,3,Cardiomegaly,0.7160657183013943
NIH,4,3,Effusion,0.7276642542883873
NIH,4,3,Infiltration,0.6841233915181849
NIH,4,3,Mass,0.5579427837977673
NIH,4,3,Nodule,0.5889622205140981
NIH,4,3,Pneumonia,0.6423510487844979
NIH,4,3,Pneumothorax,0.6842690810010585
NIH,4,3,Consolidation,0.6864829007299506
NIH,4,3,Edema,0.7618184825821323
NIH,4,3,Emphysema,0.5896384067690201
NIH,4,3,Fibrosis,0.56789009811298
NIH,4,3,Pleural_Thickening,0.5413717224740847
NIH,4,3,Hernia,0.7383632045800552
NIH,4,4,Atelectasis,0.6363987875334752
NIH,4,4,Cardiomegaly,0.8318279891086598
NIH,4,4,Effusion,0.7363044355411739
NIH,4,4,Infiltration,0.48386079267886334
NIH,4,4,Mass,0.5459976974691736
NIH,4,4,Nodule,0.5438170210947164
NIH,4,4,Pneumonia,0.580076566323122
NIH,4,4,Pneumothorax,0.6949372057767234
NIH,4,4,Consolidation,0.6569845269674391
NIH,4,4,Edema,0.7726990766048769
NIH,4,4,Emphysema,0.6795416577815835
NIH,4,4,Fibrosis,0.6394197003481488
NIH,4,4,Pleural_Thickening,0.630041386015968
NIH,4,4,Hernia,0.5013223268576846
NIH,4,5,Atelectasis,0.6817780036397282
NIH,4,5,Cardiomegaly,0.8557951808363918
NIH,4,5,Effusion,0.7372243343645049
NIH,4,5,Infiltration,0.6436449928777647
NIH,4,5,Mass,0.6221071913691365
NIH,4,5,Nodule,0.5783961773178847
NIH,4,5,Pneumonia,0.6147619165829301
NIH,4,5,Pneumothorax,0.6161826535156494
NIH,4,5,Consolidation,0.6987899338117808
NIH,4,5,Edema,0.7537326130800249
NIH,4,5,Emphysema,0.6930379606224067
NIH,4,5,Fibrosis,0.6575869789361113
NIH,4,5,Pleural_Thickening,0.5227892141830531
NIH,4,5,Hernia,0.8034758371090225
NIH,4,6,Atelectasis,0.6034033944039285
NIH,4,6,Cardiomegaly,0.5831034682268978
NIH,4,6,Effusion,0.7743910736726611
NIH,4,6,Infiltration,0.606408623742558
NIH,4,6,Mass,0.6382506710117548
NIH,4,6,Nodule,0.6175202391250436
NIH,4,6,Pneumonia,0.4148300570847594
NIH,4,6,Pneumothorax,0.6928833977256019
NIH,4,6,Consolidation,0.6852606480414777
NIH,4,6,Edema,0.7745784031366294
NIH,4,6,Emphysema,0.7391638733184975
NIH,4,6,Fibrosis,0.6686241295710794
NIH,4,6,Pleural_Thickening,0.6581809287293471
NIH,4,6,Hernia,0.7770878725169337
NIH,4,7,Atelectasis,0.6422960897936814
NIH,4,7,Cardiomegaly,0.8240434178358947
NIH,4,7,Effusion,0.7383966550162759
NIH,4,7,Infiltration,0.46691179804801575
NIH,4,7,Mass,0.5613275645641312
NIH,4,7,Nodule,0.5011221548045206
NIH,4,7,Pneumonia,0.656070566792982
NIH,4,7,Pneumothorax,0.5861140072472906
NIH,4,7,Consolidation,0.7127283013976365
NIH,4,7,Edema,0.7407485974889
NIH,4,7,Emphysema,0.5930428856126398
NIH,4,7,Fibrosis,0.6899218230001092
NIH,4,7,Pleural_Thickening,0.5537815164835471
NIH,4,7,Hernia,0.49587530653733597
NIH,4,8,Atelectasis,0.5941235675589266
NIH,4,8,Cardiomegaly,0.8322675116096451
NIH,4,8,Effusion,0.742164521305844
NIH,4,8,Infiltration,0.6378012557088055
NIH,4,8,Mass,0.6439535752557963
NIH,4,8,Nodule,0.5563263832008175
NIH,4,8,Pneumonia,0.6310305513372483
NIH,4,8,Pneumothorax,0.6071410577273872
NIH,4,8,Consolidation,0.6954961035055534
NIH,4,8,Edema,0.7808625292634858
NIH,4,8,Emphysema,0.6722605320580085
NIH,4,8,Fibrosis,0.4519004735937345
NIH,4,8,Pleural_Thickening,0.6277486666352532
NIH,4,8,Hernia,0.8111369914215127
NIH,4,9,Atelectasis,0.6077426960655075
NIH,4,9,Cardiomegaly,0.7446350431930784
NIH,4,9,Effusion,0.6805926817571484
NIH,4,9,Infiltration,0.6694718921606774
NIH,4,9,Mass,0.6012472825607182
NIH,4,9,Nodule,0.5649289060791048
NIH,4,9,Pneumonia,0.5812010644884731
NIH,4,9,Pneumothorax,0.6722608072197668
NIH,4,9,Consolidation,0.6949191097877405
NIH,4,9,Edema,0.7421890456789731
NIH,4,9,Emphysema,0.5227602505419823
NIH,4,9,Fibrosis,0.5969110651542
NIH,4,9,Pleural_Thickening,0.5036630343302535
NIH,4,9,Hernia,0.48552665165507364
NIH,4,10,Atelectasis,0.5742767959246677
NIH,4,10,Cardiomegaly,0.809989376934901
NIH,4,10,Effusion,0.7138841254153987
NIH,4,10,Infiltration,0.6862099135779015
NIH,4,10,Mass,0.5805876793490734
NIH,4,10,Nodule,0.5286498373516788
NIH,4,10,Pneumonia,0.6100789659912698
NIH,4,10,Pneumothorax,0.7384597384616529
NIH,4,10,Consolidation,0.6844583778308563
NIH,4,10,Edema,0.7715836407117669
NIH,4,10,Emphysema,0.6641988196527198
NIH,4,10,Fibrosis,0.6788108489374405
NIH,4,10,Pleural_Thickening,0.628099045076528
NIH,4,10,Hernia,0.8422629520571048
NIH,4,11,Atelectasis,0.5918053121916271
NIH,4,11,Cardiomegaly,0.7775606333380412
NIH,4,11,Effusion,0.6882159829788009
NIH,4,11,Infiltration,0.6300633823187989
NIH,4,11,Mass,0.5473072043038404
NIH,4,11,Nodule,0.5470014543728712
NIH,4,11,Pneumonia,0.5690744296470904
NIH,4,11,Pneumothorax,0.7610016606635308
NIH,4,11,Consolidation,0.684767453889098
NIH,4,11,Edema,0.7058477893401488
NIH,4,11,Emphysema,0.683657011731745
NIH,4,11,Fibrosis,0.67031060202183
NIH,4,11,Pleural_Thickening,0.6821331574750555
NIH,4,11,Hernia,0.40763403316528857
NIH,4,12,Atelectasis,0.5322186920360145
NIH,4,12,Cardiomegaly,0.7151877221426013
NIH,4,12,Effusion,0.7449451192075759
NIH,4,12,Infiltration,0.6635646001928284
NIH,4,12,Mass,0.6636629503061725
NIH,4,12,Nodule,0.518123310268517
NIH,4,12,Pneumonia,0.3751515262716892
NIH,4,12,Pneumothorax,0.6640686231956331
NIH,4,12,Consolidation,0.4197360255768229
NIH,4,12,Edema,0.7410396055331405
NIH,4,12,Emphysema,0.6213241659562645
NIH,4,12,Fibrosis,0.6730942843033394
NIH,4,12,Pleural_Thickening,0.626602503726416
NIH,4,12,Hernia,0.7695372539724503
NIH,4,13,Atelectasis,0.5660936253265914
NIH,4,13,Cardiomegaly,0.7232862217133194
NIH,4,13,Effusion,0.7231288230343805
NIH,4,13,Infiltration,0.6089031359534094
NIH,4,13,Mass,0.6379501646392062
NIH,4,13,Nodule,0.6326198406766865
NIH,4,13,Pneumonia,0.637189171920213
NIH,4,13,Pneumothorax,0.7106319856870554
NIH,4,13,Consolidation,0.6821034872504533
NIH,4,13,Edema,0.7484135767237385
NIH,4,13,Emphysema,0.6021285031140016
NIH,4,13,Fibrosis,0.5436706689380162
NIH,4,13,Pleural_Thickening,0.5503345303732098
NIH,4,13,Hernia,0.7643395658793176
NIH,4,14,Atelectasis,0.6400133576681547
NIH,4,14,Cardiomegaly,0.8155258577410901
NIH,4,14,Effusion,0.744922915601772
NIH,4,14,Infiltration,0.6154340685698885
NIH,4,14,Mass,0.6133134638177565
NIH,4,14,Nodule,0.45929138703715744
NIH,4,14,Pneumonia,0.6332690063970764
NIH,4,14,Pneumothorax,0.5493327032242825
NIH,4,14,Consolidation,0.7039268332718794
NIH,4,14,Edema,0.7577198527212714
NIH,4,14,Emphysema,0.6379645467166314
NIH,4,14,Fibrosis,0.5265555112432257
NIH,4,14,Pleural_Thickening,0.5989633943080551
NIH,4,14,Hernia,0.47689050349612105
NIH,4,15,Atelectasis,0.5800332282722696
NIH,4,15,Cardiomegaly,0.8331369835338868
NIH,4,15,Effusion,0.7470099673939715
NIH,4,15,Infiltration,0.6561012212262229
NIH,4,15,Mass,0.6059618286140216
NIH,4,15,Nodule,0.5260323928292815
NIH,4,15,Pneumonia,0.613521392483894
NIH,4,15,Pneumothorax,0.5600757407224528
NIH,4,15,Consolidation,0.6913781437434774
NIH,4,15,Edema,0.7828935165151777
NIH,4,15,Emphysema,0.6471928545150044
NIH,4,15,Fibrosis,0.5997070817955357
NIH,4,15,Pleural_Thickening,0.6314233289644258
NIH,4,15,Hernia,0.549578824537573
NIH,4,16,Atelectasis,0.5761957820800052
NIH,4,16,Cardiomegaly,0.8087699155772778
NIH,4,16,Effusion,0.7431669697622059
NIH,4,16,Infiltration,0.6276570877124579
NIH,4,16,Mass,0.6656283920013634
NIH,4,16,Nodule,0.5961457872392333
NIH,4,16,Pneumonia,0.5070978010477232
NIH,4,16,Pneumothorax,0.7099647502749704
NIH,4,16,Consolidation,0.70401172174513
NIH,4,16,Edema,0.7413707307080093
NIH,4,16,Emphysema,0.651761184348508
NIH,4,16,Fibrosis,0.4860646859512099
NIH,4,16,Pleural_Thickening,0.5676325204574962
NIH,4,16,Hernia,0.4245697081855725
NIH,4,17,Atelectasis,0.6248609629609497
NIH,4,17,Cardiomegaly,0.7133378106859424
NIH,4,17,Effusion,0.7098269457833369
NIH,4,17,Infiltration,0.6295424403806694
NIH,4,17,Mass,0.6762555754523116
NIH,4,17,Nodule,0.5042172752417943
NIH,4,17,Pneumonia,0.34876489044453585
NIH,4,17,Pneumothorax,0.6995572573009018
NIH,4,17,Consolidation,0.7060992507039964
NIH,4,17,Edema,0.753116614648778
NIH,4,17,Emphysema,0.6117753230657307
NIH,4,17,Fibrosis,0.626440938745285
NIH,4,17,Pleural_Thickening,0.6053806364622776
NIH,4,17,Hernia,0.45877266553016144
NIH,4,18,Atelectasis,0.6151879958418334
NIH,4,18,Cardiomegaly,0.6959133599088582
NIH,4,18,Effusion,0.6714936174399618
NIH,4,18,Infiltration,0.6701848294640468
NIH,4,18,Mass,0.4356567807018823
NIH,4,18,Nodule,0.6694980636333558
NIH,4,18,Pneumonia,0.6529805713224904
NIH,4,18,Pneumothorax,0.5998484481914623
NIH,4,18,Consolidation,0.6473467428855804
NIH,4,18,Edema,0.8008136043302837
NIH,4,18,Emphysema,0.6690361196692722
NIH,4,18,Fibrosis,0.6245869930977835
NIH,4,18,Pleural_Thickening,0.60866599338764
NIH,4,18,Hernia,0.7814801309108147
NIH,4,19,Atelectasis,0.5325023245209594
NIH,4,19,Cardiomegaly,0.7549721555020235
NIH,4,19,Effusion,0.7696070860990519
NIH,4,19,Infiltration,0.5537400393167276
NIH,4,19,Mass,0.6948317125931815
NIH,4,19,Nodule,0.5383484279744883
NIH,4,19,Pneumonia,0.5877955828117564
NIH,4,19,Pneumothorax,0.6560208727986717
NIH,4,19,Consolidation,0.7203715886342582
NIH,4,19,Edema,0.7646986778436659
NIH,4,19,Emphysema,0.42222426673000335
NIH,4,19,Fibrosis,0.5433680202941333
NIH,4,19,Pleural_Thickening,0.42013545080267
NIH,4,19,Hernia,0.7347592827254246
NIH,8,0,Atelectasis,0.6274982169027141
NIH,8,0,Cardiomegaly,0.7380702002562
NIH,8,0,Effusion,0.763122546350322
NIH,8,0,Infiltration,0.674067310968538
NIH,8,0,Mass,0.638760778600089
NIH,8,0,Nodule,0.5581725374502877
NIH,8,0,Pneumonia,0.6368017712213232
NIH,8,0,Pneumothorax,0.7495442113926412
NIH,8,0,Consolidation,0.7139257293046988
NIH,8,0,Edema,0.785475144797426
NIH,8,0,Emphysema,0.5873110781774429
NIH,8,0,Fibrosis,0.6693962604961976
NIH,8,0,Pleural_Thickening,0.48398023111381305
NIH,8,0,Hernia,0.7437926759228027
NIH,8,1,Atelectasis,0.7058645517307842
NIH,8,1,Cardiomegaly,0.723975311680913
NIH,8,1,Effusion,0.779010474647163
NIH,8,1,Infiltration,0.649988737570685
NIH,8,1,Mass,0.6428798532966608
NIH,8,1,Nodule,0.4213111721317001
NIH,8,1,Pneumonia,0.6242182640289745
NIH,8,1,Pneumothorax,0.5432121145228654
NIH,8,1,Consolidation,0.601320393401543
NIH,8,1,Edema,0.7728428497404218
NIH,8,1,Emphysema,0.60809485434108
NIH,8,1,Fibrosis,0.6821813726497905
NIH,8,1,Pleural_Thickening,0.6366849269183846
NIH,8,1,Hernia,0.8029295397153875
NIH,8,2,Atelectasis,0.6241326647611888
NIH,8,2,Cardiomegaly,0.8538973467814608
NIH,8,2,Effusion,0.7696572710672385
NIH,8,2,Infiltration,0.6665975248787835
NIH,8,2,Mass,0.6258195497494813
NIH,8,2,Nodule,0.6117978561782602
NIH,8,2,Pneumonia,0.6408784728180918
NIH,8,2,Pneumothorax,0.6763482796869276
NIH,8,2,Consolidation,0.7001657804231287
NIH,8,2,Edema,0.7883237239915121
NIH,8,2,Emphysema,0.6483482109235537
NIH,8,2,Fibrosis,0.6180866484209506
NIH,8,2,Pleural_Thickening,0.5896443939681956
NIH,8,2,Hernia,0.8056229659139599
NIH,8,3,Atelectasis,0.615705552870985
NIH,8,3,Cardiomegaly,0.8506080029480504
NIH,8,3,Effusion,0.75258093975626
NIH,8,3,Infiltration,0.5958247364799792
NIH,8,3,Mass,0.6848748332305978
NIH,8,3,Nodule,0.608425968740403
NIH,8,3,Pneumonia,0.6115296679211859
NIH,8,3,Pneumothorax,0.5606619270487865
NIH,8,3,Consolidation,0.6981873160078831
NIH,8,3,Edema,0.6997792352767829
NIH,8,3,Emphysema,0.6028923620047795
NIH,8,3,Fibrosis,0.6870050209981056
NIH,8,3,Pleural_Thickening,0.6367542834596296
NIH,8,3,Hernia,0.6535410190258266
NIH,8,4,Atelectasis,0.6788464786887949
NIH,8,4,Cardiomegaly,0.8501446621719987
NIH,8,4,Effusion,0.744421296620036
NIH,8,4,Infiltration,0.6819357158471281
NIH,8,4,Mass,0.679470408314443
NIH,8,4,Nodule,0.595099426267161
NIH,8,4,Pneumonia,0.5872048758954234
NIH,8,4,Pneumothorax,0.7130836018946798
NIH,8,4,Consolidation,0.6788628628336416
NIH,8,4,Edema,0.7909288178373339
NIH,8,4,Emphysema,0.5669811180205766
NIH,8,4,Fibrosis,0.6261500305846441
NIH,8,4,Pleural_Thickening,0.6860947630390922
NIH,8,4,Hernia,0.49523761771489516
NIH,8,5,Atelectasis,0.6057446349963335
NIH,8,5,Cardiomegaly,0.7514050017157167
NIH,8,5,Effusion,0.7458340837068659
NIH,8,5,Infiltration,0.6010731696150742
NIH,8,5,Mass,0.6338278514689141
NIH,8,5,Nodule,0.6202094808908944
NIH,8,5,Pneumonia,0.6584713862059016
NIH,8,5,Pneumothorax,0.6199284205500095
NIH,8,5,Consolidation,0.6969768212070127
NIH,8,5,Edema,0.767397962593131
NIH,8,5,Emphysema,0.7044599800483754
NIH,8,5,Fibrosis,0.6415320279926012
NIH,8,5,Pleural_Thickening,0.6636926181062112
NIH,8,5,Hernia,0.8322067041652612
NIH,8,6,Atelectasis,0.6512631768234918
NIH,8,6,Cardiomegaly,0.7990493895675497
NIH,8,6,Effusion,0.748853789476227
NIH,8,6,Infiltration,0.6151419776503422
NIH,8,6,Mass,0.6693226509119158
NIH,8,6,Nodule,0.5415850225218712
NIH,8,6,Pneumonia,0.6460782334988636
NIH,8,6,Pneumothorax,0.6743274689064338
NIH,8,6,Consolidation,0.7139350429417748
NIH,8,6,Edema,0.7710053054960031
NIH,8,6,Emphysema,0.6794057818190494
NIH,8,6,Fibrosis,0.5630660386193374
NIH,8,6,Pleural_Thickening,0.6736187609927077
NIH,8,6,Hernia,0.7121867393543799
NIH,8,7,Atelectasis,0.6217722994229246
NIH,8,7,Cardiomegaly,0.7868747802911917
NIH,8,7,Effusion,0.7315929083149288
NIH,8,7,Infiltration,0.6553452142837565
NIH,8,7,Mass,0.6788721542691816
NIH,8,7,Nodule,0.6586304514534077
NIH,8,7,Pneumonia,0.5963579009703366
NIH,8,7,Pneumothorax,0.6660015285271754
NIH,8,7,Consolidation,0.682541807399314
NIH,8,7,Edema,0.7701694625597182
NIH,8,7,Emphysema,0.6549002215274796
NIH,8,7,Fibrosis,0.6847231644302645
NIH,8,7,Pleural_Thickening,0.634523425033164
NIH,8,7,Hernia,0.7019768809313265
NIH,8,8,Atelectasis,0.6701704922922765
NIH,8,8,Cardiomegaly,0.7313063631637428
NIH,8,8,Effusion,0.7428438767940728
NIH,8,8,Infiltration,0.6875990626891066
NIH,8,8,Mass,0.6345423907094283
NIH,8,8,Nodule,0.5170128496633061
NIH,8,8,Pneumonia,0.589382421837196
NIH,8,8,Pneumothorax,0.6484322287361309
NIH,8,8,Consolidation,0.6706451883074932
NIH,8,8,Edema,0.7664674248241999
NIH,8,8,Emphysema,0.5991297852170314
NIH,8,8,Fibrosis,0.6630847685731475
NIH,8,8,Pleural_Thickening,0.7065694687603792
NIH,8,8,Hernia,0.7136795419944754
NIH,8,9,Atelectasis,0.6520324575976234
NIH,8,9,Cardiomegaly,0.741073095482907
NIH,8,9,Effusion,0.7397021204028283
NIH,8,9,Infiltration,0.6503355367566999
NIH,8,9,Mass,0.638925341042468
NIH,8,9,Nodule,0.5382629189610749
NIH,8,9,Pneumonia,0.6470374531713935
NIH,8,9,Pneumothorax,0.7392843756819034
NIH,8,9,Consolidation,0.7178545666303273
NIH,8,9,Edema,0.7966628506825499
NIH,8,9,Emphysema,0.6556682250271724
NIH,8,9,Fibrosis,0.5251320347536577
NIH,8,9,Pleural_Thickening,0.7112953379702931
NIH,8,9,Hernia,0.796124638764552
NIH,8,10,Atelectasis,0.6741287817340105
NIH,8,10,Cardiomegaly,0.8373306590247825
NIH,8,10,Effusion,0.7290205095901326
NIH,8,10,Infiltration,0.6389459306656233
NIH,8,10,Mass,0.6435826020939635
NIH,8,10,Nodule,0.6065310458245811
NIH,8,10,Pneumonia,0.5622628618794907
NIH,8,10,Pneumothorax,0.636386989502646
NIH,8,10,Consolidation,0.5670203184406655
NIH,8,10,Edema,0.7679901449014982
NIH,8,10,Emphysema,0.6893022864537863
NIH,8,10,Fibrosis,0.704356632939045
NIH,8,10,Pleural_Thickening,0.6669035200600334
NIH,8,10,Hernia,0.7867350241127511
NIH,8,11,Atelectasis,0.6491961464135881
NIH,8,11,Cardiomegaly,0.8490533313109094
NIH,8,11,Effusion,0.7481772331495703
NIH,8,11,Infiltration,0.6670234768076586
NIH,8,11,Mass,0.6441582827779598
NIH,8,11,Nodule,0.49637792095075944
NIH,8,11,Pneumonia,0.6433819706851934
NIH,8,11,Pneumothorax,0.6492742850461819
NIH,8,11,Consolidation,0.6519580010571673
NIH,8,11,Edema,0.7655731918534399
NIH,8,11,Emphysema,0.7104699430161081
NIH,8,11,Fibrosis,0.6895055611973832
NIH,8,11,Pleural_Thickening,0.508445218833394
NIH,8,11,Hernia,0.48205560063085157
NIH,8,12,Atelectasis,0.6587473410351329
NIH,8,12,Cardiomegaly,0.7860263805798791
NIH,8,12,Effusion,0.720287299791763
NIH,8,12,Infiltration,0.6109793671488809
NIH,8,12,Mass,0.6855466845897397
NIH,8,12,Nodule,0.5326013972537753
NIH,8,12,Pneumonia,0.6514983535110527
NIH,8,12,Pneumothorax,0.6781041304842825
NIH,8,12,Consolidation,0.6762663853114212
NIH,8,12,Edema,0.7604615989667263
NIH,8,12,Emphysema,0.5339962479714286
NIH,8,12,Fibrosis,0.6176067047752702
NIH,8,12,Pleural_Thickening,0.656457319394189
NIH,8,12,Hernia,0.74718601004622
NIH,8,13,Atelectasis,0.6203832169976203
NIH,8,13,Cardiomegaly,0.7655490142914608
NIH,8,13,Effusion,0.7123636423814143
NIH,8,13,Infiltration,0.6831361487301704
NIH,8,13,Mass,0.6792748524791259
NIH,8,13,Nodule,0.5484847671745315
NIH,8,13,Pneumonia,0.597327410074505
NIH,8,13,Pneumothorax,0.7400209601804844
NIH,8,13,Consolidation,0.6980026534598366
NIH,8,13,Edema,0.7755489046664921
NIH,8,13,Emphysema,0.6451563579850316
NIH,8,13,Fibrosis,0.4483467161137447
NIH,8,13,Pleural_Thickening,0.6198794809790804
NIH,8,13,Hernia,0.8426672622683307
NIH,8,14,Atelectasis,0.6140153667298816
NIH,8,14,Cardiomegaly,0.795050017042748
NIH,8,14,Effusion,0.7663058082582116
NIH,8,14,Infiltration,0.6729265701364847
NIH,8,14,Mass,0.6417556231418358
NIH,8,14,Nodule,0.5119296639403248
NIH,8,14,Pneumonia,0.47943862156153993
NIH,8,14,Pneumothorax,0.6714854409054719
NIH,8,14,Consolidation,0.6595558437686034
NIH,8,14,Edema,0.7177012292581179
NIH,8,14,Emphysema,0.6466896579200359
NIH,8,14,Fibrosis,0.6603561797655284
NIH,8,14,Pleural_Thickening,0.6920790500704854
NIH,8,14,Hernia,0.7278408831921819
NIH,8,15,Atelectasis,0.7154488166524211
NIH,8,15,Cardiomegaly,0.8393199140650367
NIH,8,15,Effusion,0.730093290825997
NIH,8,15,Infiltration,0.6599372615844818
NIH,8,15,Mass,0.6643532729598671
NIH,8,15,Nodule,0.529039639711743
NIH,8,15,Pneumonia,0.648223579995474
NIH,8,15,Pneumothorax,0.7029483752669217
NIH,8,15,Consolidation,0.7145179098113259
NIH,8,15,Edema,0.7538550020978784
NIH,8,15,Emphysema,0.5529582444840577
NIH,8,15,Fibrosis,0.5657039470408272
NIH,8,15,Pleural_Thickening,0.6782701394526233
NIH,8,15,Hernia,0.7147297457449427
NIH,8,16,Atelectasis,0.6341065716111453
NIH,8,16,Cardiomegaly,0.8401048682990505
NIH,8,16,Effusion,0.7549477385255805
NIH,8,16,Infiltration,0.6664450135149151
NIH,8,16,Mass,0.6662517861981719
NIH,8,16,Nodule,0.5963157000999713
NIH,8,16,Pneumonia,0.6464023146184402
NIH,8,16,Pneumothorax,0.7095040403042884
NIH,8,16,Consolidation,0.7123875311714343
NIH,8,16,Edema,0.7637232903934699
NIH,8,16,Emphysema,0.606678070190931
NIH,8,16,Fibrosis,0.5853968488908442
NIH,8,16,Pleural_Thickening,0.5921760955605408
NIH,8,16,Hernia,0.7351800023702515
NIH,8,17,Atelectasis,0.5747587135560339
NIH,8,17,Cardiomegaly,0.8257126422178906
NIH,8,17,Effusion,0.7566985782022787
NIH,8,17,Infiltration,0.6455409471095092
NIH,8,17,Mass,0.5869171682862553
NIH,8,17,Nodule,0.5399103874791982
NIH,8,17,Pneumonia,0.529765167107925
NIH,8,17,Pneumothorax,0.4779289659499749
NIH,8,17,Consolidation,0.6760077581206747
NIH,8,17,Edema,0.7120134702413491
NIH,8,17,Emphysema,0.5825578465119887
NIH,8,17,Fibrosis,0.7046775090257821
NIH,8,17,Pleural_Thickening,0.5750698243445861
NIH,8,17,Hernia,0.7957540590557283
NIH,8,18,Atelectasis,0.5953181706554026
NIH,8,18,Cardiomegaly,0.7293673000369993
NIH,8,18,Effusion,0.755746478767529
NIH,8,18,Infiltration,0.655340167519651
NIH,8,18,Mass,0.6780791959872481
NIH,8,18,Nodule,0.5273812608911869
NIH,8,18,Pneumonia,0.6401216239601288
NIH,8,18,Pneumothorax,0.7399808774557624
NIH,8,18,Consolidation,0.7110434250645497
NIH,8,18,Edema,0.7544229739041461
NIH,8,18,Emphysema,0.6495186148761813
NIH,8,18,Fibrosis,0.6780698280087729
NIH,8,18,Pleural_Thickening,0.6797724411345076
NIH,8,18,Hernia,0.675688740393644
NIH,8,19,Atelectasis,0.6184340097808555
NIH,8,19,Cardiomegaly,0.5834406427036385
NIH,8,19,Effusion,0.7753580045624078
NIH,8,19,Infiltration,0.6588894786203958
NIH,8,19,Mass,0.6688674054672729
NIH,8,19,Nodule,0.5294380392359149
NIH,8,19,Pneumonia,0.6330858113414721
NIH,8,19,Pneumothorax,0.5741744852798055
NIH,8,19,Consolidation,0.6757634720775655
NIH,8,19,Edema,0.7728539580884439
NIH,8,19,Emphysema,0.5857159451580868
NIH,8,19,Fibrosis,0.6945866322035517
NIH,8,19,Pleural_Thickening,0.7023187553647562
NIH,8,19,Hernia,0.7148639840281512
NIH,16,0,Atelectasis,0.6419417661259358
NIH,16,0,Cardiomegaly,0.8047955627297276
NIH,16,0,Effusion,0.7747065586631876
NIH,16,0,Infiltration,0.6836617469589761
NIH,16,0,Mass,0.6416379585966653
NIH,16,0,Nodule,0.5272253682188519
NIH,16,0,Pneumonia,0.655576674074338
NIH,16,0,Pneumothorax,0.5955027330134625
NIH,16,0,Consolidation,0.7002613726285412
NIH,16,0,Edema,0.8155568579807565
NIH,16,0,Emphysema,0.6807101947932586
NIH,16,0,Fibrosis,0.6589211455239751
NIH,16,0,Pleural_Thickening,0.6936881862285923
NIH,16,0,Hernia,0.757235192765263
NIH,16,1,Atelectasis,0.5829007854237268
NIH,16,1,Cardiomegaly,0.8504324266001427
NIH,16,1,Effusion,0.7585546889114363
NIH,16,1,Infiltration,0.5837450462777352
NIH,16,1,Mass,0.6415868027062317
NIH,16,1,Nodule,0.6386709848332918
NIH,16,1,Pneumonia,0.6608437118081303
NIH,16,1,Pneumothorax,0.6166224834876601
NIH,16,1,Consolidation,0.7213077134175337
NIH,16,1,Edema,0.7806117259897002
NIH,16,1,Emphysema,0.6395648885012456
NIH,16,1,Fibrosis,0.6896274886284055
NIH,16,1,Pleural_Thickening,0.6805376350202985
NIH,16,1,Hernia,0.6741341744687446
NIH,16,2,Atelectasis,0.595741853128156
NIH,16,2,Cardiomegaly,0.7921436344582438
NIH,16,2,Effusion,0.7444667958122575
NIH,16,2,Infiltration,0.6705510053691525
NIH,16,2,Mass,0.5913018458052793
NIH,16,2,Nodule,0.5138335823940771
NIH,16,2,Pneumonia,0.6668459402255975
NIH,16,2,Pneumothorax,0.7351225632194732
NIH,16,2,Consolidation,0.7092050706498452
NIH,16,2,Edema,0.7695532231189481
NIH,16,2,Emphysema,0.6026930287192647
NIH,16,2,Fibrosis,0.605099344131837
NIH,16,2,Pleural_Thickening,0.5773735277119723
NIH,16,2,Hernia,0.7943401128604377
NIH,16,3,Atelectasis,0.6178283859959414
NIH,16,3,Cardiomegaly,0.8590220708260532
NIH,16,3,Effusion,0.7533443316116883
NIH,16,3,Infiltration,0.6759253934762958
NIH,16,3,Mass,0.6358789328024859
NIH,16,3,Nodule,0.6349269905435563
NIH,16,3,Pneumonia,0.5821818703812234
NIH,16,3,Pneumothorax,0.6546268137964755
NIH,16,3,Consolidation,0.7193184062606175
NIH,16,3,Edema,0.7876701061646949
NIH,16,3,Emphysema,0.665155608221545
NIH,16,3,Fibrosis,0.604653753962413
NIH,16,3,Pleural_Thickening,0.7135418852506848
NIH,16,3,Hernia,0.7309495592243808
NIH,16,4,Atelectasis,0.6084869349698376
NIH,16,4,Cardiomegaly,0.8540711877706563
NIH,16,4,Effusion,0.7539706004367677
NIH,16,4,Infiltration,0.6461102699650996
NIH,16,4,Mass,0.6795406831941733
NIH,16,4,Nodule,0.506658998356104
NIH,16,4,Pneumonia,0.628061726516261
NIH,16,4,Pneumothorax,0.6815942157167317
NIH,16,4,Consolidation,0.7190255016418761
NIH,16,4,Edema,0.773850379097025
NIH,16,4,Emphysema,0.7520412852335165
NIH,16,4,Fibrosis,0.6422110573424389
NIH,16,4,Pleural_Thickening,0.6994515770589814
NIH,16,4,Hernia,0.8404250954937872
NIH,16,5,Atelectasis,0.70445644705022
NIH,16,5,Cardiomegaly,0.8358975197070958
NIH,16,5,Effusion,0.7706000399634144
NIH,16,5,Infiltration,0.66972794616149
NIH,16,5,Mass,0.6841147274654046
NIH,16,5,Nodule,0.5549130942365614
NIH,16,5,Pneumonia,0.6556737760882962
NIH,16,5,Pneumothorax,0.6848272609655379
NIH,16,5,Consolidation,0.7122676470543943
NIH,16,5,Edema,0.7850455562773668
NIH,16,5,Emphysema,0.5384304941057126
NIH,16,5,Fibrosis,0.6900095796861316
NIH,16,5,Pleural_Thickening,0.7078322157753018
NIH,16,5,Hernia,0.706610722653223
NIH,16,6,Atelectasis,0.6089500148290232
NIH,16,6,Cardiomegaly,0.7425341340291144
NIH,16,6,Effusion,0.773476429685615
NIH,16,6,Infiltration,0.6599486231016778
NIH,16,6,Mass,0.6511662559482365
NIH,16,6,Nodule,0.6306773956190548
NIH,16,6,Pneumonia,0.5941951056123812
NIH,16,6,Pneumothorax,0.6797151794726705
NIH,16,6,Consolidation,0.7188230690449804
NIH,16,6,Edema,0.807021812457344
NIH,16,6,Emphysema,0.7282971381400766
NIH,16,6,Fibrosis,0.5941541986846091
NIH,16,6,Pleural_Thickening,0.6804177414068283
NIH,16,6,Hernia,0.7021273007393362
NIH,16,7,Atelectasis,0.717371294320847
NIH,16,7,Cardiomegaly,0.8145430344741784
NIH,16,7,Effusion,0.7567698491623083
NIH,16,7,Infiltration,0.6738488431842586
NIH,16,7,Mass,0.6666985396450594
NIH,16,7,Nodule,0.5160300742936338
NIH,16,7,Pneumonia,0.5880968185149328
NIH,16,7,Pneumothorax,0.6508834522165076
NIH,16,7,Consolidation,0.6959754314594505
NIH,16,7,Edema,0.7580333403810361
NIH,16,7,Emphysema,0.6475796473415749
NIH,16,7,Fibrosis,0.6383990549139404
NIH,16,7,Pleural_Thickening,0.6837428303100357
NIH,16,7,Hernia,0.7378565633176228
NIH,16,8,Atelectasis,0.5977154052786458
NIH,16,8,Cardiomegaly,0.8412360742707594
NIH,16,8,Effusion,0.7748363966961117
NIH,16,8,Infiltration,0.6904012763593916
NIH,16,8,Mass,0.5923959341658114
NIH,16,8,Nodule,0.45362967256833064
NIH,16,8,Pneumonia,0.6734534462580467
NIH,16,8,Pneumothorax,0.7109755402106475
NIH,16,8,Consolidation,0.6992000697827733
NIH,16,8,Edema,0.7794699543286954
NIH,16,8,Emphysema,0.737387609687915
NIH,16,8,Fibrosis,0.5379487137318428
NIH,16,8,Pleural_Thickening,0.7121691731444459
NIH,16,8,Hernia,0.7686219722315919
NIH,16,9,Atelectasis,0.6694694292611454
NIH,16,9,Cardiomegaly,0.8133458658015451
NIH,16,9,Effusion,0.7311359580049479
NIH,16,9,Infiltration,0.6678405151669621
NIH,16,9,Mass,0.6249166512819174
NIH,16,9,Nodule,0.6025301903746253
NIH,16,9,Pneumonia,0.6405960890805745
NIH,16,9,Pneumothorax,0.7664544494074441
NIH,16,9,Consolidation,0.7108939550904297
NIH,16,9,Edema,0.7783610256927106
NIH,16,9,Emphysema,0.7017310164496542
NIH,16,9,Fibrosis,0.6844299264461009
NIH,16,9,Pleural_Thickening,0.6437416016777807
NIH,16,9,Hernia,0.7192557866044325
NIH,16,10,Atelectasis,0.6212116963419998
NIH,16,10,Cardiomegaly,0.8680763907193321
NIH,16,10,Effusion,0.7586400479593783
NIH,16,10,Infiltration,0.6699874808340526
NIH,16,10,Mass,0.6380953202279579
NIH,16,10,Nodule,0.5794183145913872
NIH,16,10,Pneumonia,0.6353171069715936
NIH,16,10,Pneumothorax,0.6967848565682365
NIH,16,10,Consolidation,0.7090498201969926
NIH,16,10,Edema,0.745296710110459
NIH,16,10,Emphysema,0.6424064473088215
NIH,16,10,Fibrosis,0.7321821264162245
NIH,16,10,Pleural_Thickening,0.6272712746673239
NIH,16,10,Hernia,0.6778926184897852
NIH,16,11,Atelectasis,0.661779006134445
NIH,16,11,Cardiomegaly,0.8571025924619146
NIH,16,11,Effusion,0.7560080568277785
NIH,16,11,Infiltration,0.6762676875226391
NIH,16,11,Mass,0.6704508991730234
NIH,16,11,Nodule,0.5572159005436877
NIH,16,11,Pneumonia,0.6762236778530057
NIH,16,11,Pneumothorax,0.7602502588931654
NIH,16,11,Consolidation,0.6878250954560919
NIH,16,11,Edema,0.7750424121985874
NIH,16,11,Emphysema,0.6766011697729266
NIH,16,11,Fibrosis,0.733063713364096
NIH,16,11,Pleural_Thickening,0.6850701395528028
NIH,16,11,Hernia,0.825452398968029
NIH,16,12,Atelectasis,0.6698726477775399
NIH,16,12,Cardiomegaly,0.8379522034917478
NIH,16,12,Effusion,0.739989254910765
NIH,16,12,Infiltration,0.6683199955447402
NIH,16,12,Mass,0.6319148250706035
NIH,16,12,Nodule,0.6249434726821834
NIH,16,12,Pneumonia,0.6445822005064847
NIH,16,12,Pneumothorax,0.6027018652826085
NIH,16,12,Consolidation,0.7008428030665034
NIH,16,12,Edema,0.7734236826912438
NIH,16,12,Emphysema,0.6448447468706242
NIH,16,12,Fibrosis,0.6744348921680012
NIH,16,12,Pleural_Thickening,0.6484346441522847
NIH,16,12,Hernia,0.848094682431878
NIH,16,13,Atelectasis,0.6796871544145099
NIH,16,13,Cardiomegaly,0.83526716495744
NIH,16,13,Effusion,0.7378294556777065
NIH,16,13,Infiltration,0.683152573806028
NIH,16,13,Mass,0.640541915157554
NIH,16,13,Nodule,0.5335599617756462
NIH,16,13,Pneumonia,0.6376002095302442
NIH,16,13,Pneumothorax,0.7206027332343715
NIH,16,13,Consolidation,0.6579246598582126
NIH,16,13,Edema,0.737652983533572
NIH,16,13,Emphysema,0.7620129342415976
NIH,16,13,Fibrosis,0.6546885414254042
NIH,16,13,Pleural_Thickening,0.7028586165207247
NIH,16,13,Hernia,0.7005387764032345
NIH,16,14,Atelectasis,0.626089633932686
NIH,16,14,Cardiomegaly,0.8348223601008156
NIH,16,14,Effusion,0.7377360118718902
NIH,16,14,Infiltration,0.6479757084884255
NIH,16,14,Mass,0.6888064482761532
NIH,16,14,Nodule,0.6264870684387465
NIH,16,14,Pneumonia,0.6432355441580313
NIH,16,14,Pneumothorax,0.6573041336261005
NIH,16,14,Consolidation,0.7142522742245211
NIH,16,14,Edema,0.7393011819326115
NIH,16,14,Emphysema,0.6846628075005772
NIH,16,14,Fibrosis,0.6293939215361121
NIH,16,14,Pleural_Thickening,0.674824351920636
NIH,16,14,Hernia,0.7134124328808583
NIH,16,15,Atelectasis,0.6971407978822108
NIH,16,15,Cardiomegaly,0.8497743633207261
NIH,16,15,Effusion,0.7642028791704278
NIH,16,15,Infiltration,0.5966010690339557
NIH,16,15,Mass,0.6656231384773281
NIH,16,15,Nodule,0.5807953515377833
NIH,16,15,Pneumonia,0.6460571149800812
NIH,16,15,Pneumothorax,0.7224554158437462
NIH,16,15,Consolidation,0.7153471362824895
NIH,16,15,Edema,0.8098944487838331
NIH,16,15,Emphysema,0.6916193468701239
NIH,16,15,Fibrosis,0.5875763759549422
NIH,16,15,Pleural_Thickening,0.5943597979790824
NIH,16,15,Hernia,0.787154604213578
NIH,16,16,Atelectasis,0.6263621427712361
NIH,16,16,Cardiomegaly,0.8572112907548517
NIH,16,16,Effusion,0.7051674183662979
NIH,16,16,Infiltration,0.6622559683821655
NIH,16,16,Mass,0.6294028249662047
NIH,16,16,Nodule,0.672413324715094
NIH,16,16,Pneumonia,0.6399055099186883
NIH,16,16,Pneumothorax,0.7203845568846191
NIH,16,16,Consolidation,0.7087387980056307
NIH,16,16,Edema,0.7488450714100262
NIH,16,16,Emphysema,0.6351765691143967
NIH,16,16,Fibrosis,0.6951982337196728
NIH,16,16,Pleural_Thickening,0.5637513090890629
NIH,16,16,Hernia,0.6680727120235567
NIH,16,17,Atelectasis,0.6327441709052337
NIH,16,17,Cardiomegaly,0.7869990586727831
NIH,16,17,Effusion,0.7344755064339497
NIH,16,17,Infiltration,0.6746962964846441
NIH,16,17,Mass,0.696879855311711
NIH,16,17,Nodule,0.6511469092398285
NIH,16,17,Pneumonia,0.5867847001188321
NIH,16,17,Pneumothorax,0.6882678298375018
NIH,16,17,Consolidation,0.6837509468574757
NIH,16,17,Edema,0.8000770354075853
NIH,16,17,Emphysema,0.5899582884318476
NIH,16,17,Fibrosis,0.5781087040836325
NIH,16,17,Pleural_Thickening,0.7213851851923408
NIH,16,17,Hernia,0.5509827427456628
NIH,16,18,Atelectasis,0.658331755319737
NIH,16,18,Cardiomegaly,0.8534692852759238
NIH,16,18,Effusion,0.762770405672541
NIH,16,18,Infiltration,0.6514215819182017
NIH,16,18,Mass,0.6471857759325461
NIH,16,18,Nodule,0.5678527900264877
NIH,16,18,Pneumonia,0.5557687554572663
NIH,16,18,Pneumothorax,0.7391318093279757
NIH,16,18,Consolidation,0.6738937710186721
NIH,16,18,Edema,0.7629056765411191
NIH,16,18,Emphysema,0.6241913391937107
NIH,16,18,Fibrosis,0.7082341445230645
NIH,16,18,Pleural_Thickening,0.6859700214445346
NIH,16,18,Hernia,0.6177299371883347
NIH,16,19,Atelectasis,0.6819689231284016
NIH,16,19,Cardiomegaly,0.8298904706418688
NIH,16,19,Effusion,0.7587446627781358
NIH,16,19,Infiltration,0.6741101034974595
NIH,16,19,Mass,0.6433240399532661
NIH,16,19,Nodule,0.5685337650985928
NIH,16,19,Pneumonia,0.6529018535727533
NIH,16,19,Pneumothorax,0.6451708662163994
NIH,16,19,Consolidation,0.7099560347676682
NIH,16,19,Edema,0.7811208914723161
NIH,16,19,Emphysema,0.6854204121391637
NIH,16,19,Fibrosis,0.6154235230860385
NIH,16,19,Pleural_Thickening,0.6918917140632846
NIH,16,19,Hernia,0.8372820052327861
NIH,32,0,Atelectasis,0.6188399340490758
NIH,32,0,Cardiomegaly,0.8625287540357103
NIH,32,0,Effusion,0.7486379823216849
NIH,32,0,Infiltration,0.540160301350766
NIH,32,0,Mass,0.6313469886896185
NIH,32,0,Nodule,0.6117891690587729
NIH,32,0,Pneumonia,0.6198371967270973
NIH,32,0,Pneumothorax,0.7263121037801388
NIH,32,0,Consolidation,0.7208388459291586
NIH,32,0,Edema,0.7852005473107172
NIH,32,0,Emphysema,0.6626673306504396
NIH,32,0,Fibrosis,0.6701172723522583
NIH,32,0,Pleural_Thickening,0.7143912658486494
NIH,32,0,Hernia,0.8114072912583301
NIH,32,1,Atelectasis,0.6712528818477574
NIH,32,1,Cardiomegaly,0.8164063520536331
NIH,32,1,Effusion,0.7417362085719473
NIH,32,1,Infiltration,0.6686707624446317
NIH,32,1,Mass,0.6474886931688643
NIH,32,1,Nodule,0.6150650098530698
NIH,32,1,Pneumonia,0.6236733198995089
NIH,32,1,Pneumothorax,0.7344879978053092
NIH,32,1,Consolidation,0.7120642761433155
NIH,32,1,Edema,0.7842001386900255
NIH,32,1,Emphysema,0.6594639213474205
NIH,32,1,Fibrosis,0.6951526422711303
NIH,32,1,Pleural_Thickening,0.6983746096883271
NIH,32,1,Hernia,0.7933970262459774
NIH,32,2,Atelectasis,0.6539773328783844
NIH,32,2,Cardiomegaly,0.8737313335949468
NIH,32,2,Effusion,0.757298024292293
NIH,32,2,Infiltration,0.6947505625504509
NIH,32,2,Mass,0.6806613870109474
NIH,32,2,Nodule,0.5568742885653939
NIH,32,2,Pneumonia,0.630618434416206
NIH,32,2,Pneumothorax,0.7672048611778726
NIH,32,2,Consolidation,0.715308016689945
NIH,32,2,Edema,0.7632762834578731
NIH,32,2,Emphysema,0.6101376798008825
NIH,32,2,Fibrosis,0.714242759388161
NIH,32,2,Pleural_Thickening,0.7173857617979735
NIH,32,2,Hernia,0.8228255221390608
NIH,32,3,Atelectasis,0.6263288128282919
NIH,32,3,Cardiomegaly,0.8637785364961003
NIH,32,3,Effusion,0.7383201497266397
NIH,32,3,Infiltration,0.6913145601210176
NIH,32,3,Mass,0.6395660670708538
NIH,32,3,Nodule,0.5671756573341559
NIH,32,3,Pneumonia,0.6478949657696512
NIH,32,3,Pneumothorax,0.6879599071298241
NIH,32,3,Consolidation,0.7197746122995844
NIH,32,3,Edema,0.791990552426692
NIH,32,3,Emphysema,0.6414481838566438
NIH,32,3,Fibrosis,0.687988800401278
NIH,32,3,Pleural_Thickening,0.7068264833149487
NIH,32,3,Hernia,0.811531273645538
NIH,32,4,Atelectasis,0.632818975377426
NIH,32,4,Cardiomegaly,0.8474771297838166
NIH,32,4,Effusion,0.7459568213024687
NIH,32,4,Infiltration,0.6843501012308664
NIH,32,4,Mass,0.5955517908231922
NIH,32,4,Nodule,0.5875254917481488
NIH,32,4,Pneumonia,0.6405137376504335
NIH,32,4,Pneumothorax,0.725173137488982
NIH,32,4,Consolidation,0.7144429605179401
NIH,32,4,Edema,0.7678742412308137
NIH,32,4,Emphysema,0.6569804418145635
NIH,32,4,Fibrosis,0.6433492446575091
NIH,32,4,Pleural_Thickening,0.6714603539441224
NIH,32,4,Hernia,0.8200577976716836
NIH,32,5,Atelectasis,0.67791219488224
NIH,32,5,Cardiomegaly,0.8092087515627286
NIH,32,5,Effusion,0.7546629571589655
NIH,32,5,Infiltration,0.67749171675699
NIH,32,5,Mass,0.6691420520274476
NIH,32,5,Nodule,0.5296341805151046
NIH,32,5,Pneumonia,0.5954617850149179
NIH,32,5,Pneumothorax,0.7349075777786087
NIH,32,5,Consolidation,0.7143868122605924
NIH,32,5,Edema,0.7783433881776065
NIH,32,5,Emphysema,0.6480899009733446
NIH,32,5,Fibrosis,0.7389932055950483
NIH,32,5,Pleural_Thickening,0.6867524068794962
NIH,32,5,Hernia,0.8154927844073916
NIH,32,6,Atelectasis,0.6550725679223309
NIH,32,6,Cardiomegaly,0.8610930402847695
NIH,32,6,Effusion,0.7530954318052263
NIH,32,6,Infiltration,0.6829678882713269
NIH,32,6,Mass,0.6762321744810957
NIH,32,6,Nodule,0.5982584407252778
NIH,32,6,Pneumonia,0.5891328131773801
NIH,32,6,Pneumothorax,0.6512294121944919
NIH,32,6,Consolidation,0.7097316618366655
NIH,32,6,Edema,0.7780008479153224
NIH,32,6,Emphysema,0.5744456146845212
NIH,32,6,Fibrosis,0.6633401811871776
NIH,32,6,Pleural_Thickening,0.7124080659099309
NIH,32,6,Hernia,0.7390498937944993
NIH,32,7,Atelectasis,0.6417995091738857
NIH,32,7,Cardiomegaly,0.8526543531969103
NIH,32,7,Effusion,0.780639207308613
NIH,32,7,Infiltration,0.6766765006070224
NIH,32,7,Mass,0.6849567786100682
NIH,32,7,Nodule,0.6204735641829962
NIH,32,7,Pneumonia,0.659129837876693
NIH,32,7,Pneumothorax,0.6038229543021756
NIH,32,7,Consolidation,0.7129433143550601
NIH,32,7,Edema,0.7817143007382561
NIH,32,7,Emphysema,0.5736272037791066
NIH,32,7,Fibrosis,0.5586826355511882
NIH,32,7,Pleural_Thickening,0.6983538760717929
NIH,32,7,Hernia,0.8102577192710565
NIH,32,8,Atelectasis,0.6591924440431732
NIH,32,8,Cardiomegaly,0.8543396344144594
NIH,32,8,Effusion,0.7411043106637064
NIH,32,8,Infiltration,0.638210274526501
NIH,32,8,Mass,0.6480577289845606
NIH,32,8,Nodule,0.5924357061274956
NIH,32,8,Pneumonia,0.6299173139834455
NIH,32,8,Pneumothorax,0.7322974797628876
NIH,32,8,Consolidation,0.6881131463261582
NIH,32,8,Edema,0.7753249629995608
NIH,32,8,Emphysema,0.6381836695762443
NIH,32,8,Fibrosis,0.7109495309973883
NIH,32,8,Pleural_Thickening,0.6639546595341596
NIH,32,8,Hernia,0.8106342246086805
NIH,32,9,Atelectasis,0.6186913021817393
NIH,32,9,Cardiomegaly,0.8590960428748784
NIH,32,9,Effusion,0.7679964813411171
NIH,32,9,Infiltration,0.6797391348627038
NIH,32,9,Mass,0.631237120470071
NIH,32,9,Nodule,0.5853882290404802
NIH,32,9,Pneumonia,0.6415079989537879
NIH,32,9,Pneumothorax,0.6605295043299406
NIH,32,9,Consolidation,0.6732335685258377
NIH,32,9,Edema,0.7731645317239739
NIH,32,9,Emphysema,0.5800473523435468
NIH,32,9,Fibrosis,0.5623115869433034
NIH,32,9,Pleural_Thickening,0.681251808824678
NIH,32,9,Hernia,0.8208791809869362
NIH,32,10,Atelectasis,0.6789138423434665
NIH,32,10,Cardiomegaly,0.872891706026573
NIH,32,10,Effusion,0.7559523965765167
NIH,32,10,Infiltration,0.6603467212592746
NIH,32,10,Mass,0.6897872380338637
NIH,32,10,Nodule,0.6120631345918297
NIH,32,10,Pneumonia,0.6385626671358071
NIH,32,10,Pneumothorax,0.6707881536771175
NIH,32,10,Consolidation,0.7182117863150468
NIH,32,10,Edema,0.787227941329518
NIH,32,10,Emphysema,0.6335773661637638
NIH,32,10,Fibrosis,0.708249219851741
NIH,32,10,Pleural_Thickening,0.6800501714163821
NIH,32,10,Hernia,0.7102417656550556
NIH,32,11,Atelectasis,0.6916334313567092
NIH,32,11,Cardiomegaly,0.8467126184568251
NIH,32,11,Effusion,0.7535763749286829
NIH,32,11,Infiltration,0.6703171285796587
NIH,32,11,Mass,0.6605651342944675
NIH,32,11,Nodule,0.6438958117263726
NIH,32,11,Pneumonia,0.5698387617280632
NIH,32,11,Pneumothorax,0.7155220208304169
NIH,32,11,Consolidation,0.6985416975818022
NIH,32,11,Edema,0.7781446648707805
NIH,32,11,Emphysema,0.6423789846074079
NIH,32,11,Fibrosis,0.6508329119093726
NIH,32,11,Pleural_Thickening,0.6917001919764731
NIH,32,11,Hernia,0.656327204106005
NIH,32,12,Atelectasis,0.5979883719085402
NIH,32,12,Cardiomegaly,0.8672372208279814
NIH,32,12,Effusion,0.7401244708200427
NIH,32,12,Infiltration,0.6658332634119981
NIH,32,12,Mass,0.7139036360719339
NIH,32,12,Nodule,0.5895118093293443
NIH,32,12,Pneumonia,0.6432975325870978
NIH,32,12,Pneumothorax,0.719055592423735
NIH,32,12,Consolidation,0.7230467107859679
NIH,32,12,Edema,0.7799812012571934
NIH,32,12,Emphysema,0.5727600283760089
NIH,32,12,Fibrosis,0.7360375732009994
NIH,32,12,Pleural_Thickening,0.6939812475798108
NIH,32,12,Hernia,0.8263193640432844
NIH,32,13,Atelectasis,0.6732812528035449
NIH,32,13,Cardiomegaly,0.8590995517320539
NIH,32,13,Effusion,0.7509925386041293
NIH,32,13,Infiltration,0.6772784091000698
NIH,32,13,Mass,0.6503169002461816
NIH,32,13,Nodule,0.5119113130429465
NIH,32,13,Pneumonia,0.6480292320594224
NIH,32,13,Pneumothorax,0.741719759163288
NIH,32,13,Consolidation,0.7082756994118624
NIH,32,13,Edema,0.7766250779172835
NIH,32,13,Emphysema,0.6495148249860475
NIH,32,13,Fibrosis,0.5394848440411566
NIH,32,13,Pleural_Thickening,0.658128906851106
NIH,32,13,Hernia,0.7891756994521073
NIH,32,14,Atelectasis,0.6396092508998982
NIH,32,14,Cardiomegaly,0.8711359425474984
NIH,32,14,Effusion,0.7598484808714322
NIH,32,14,Infiltration,0.6430174223030093
NIH,32,14,Mass,0.6634966966608505
NIH,32,14,Nodule,0.5463050840801364
NIH,32,14,Pneumonia,0.6373247693602312
NIH,32,14,Pneumothorax,0.7076451967862147
NIH,32,14,Consolidation,0.7132600938569034
NIH,32,14,Edema,0.7919493178882745
NIH,32,14,Emphysema,0.6766310968363977
NIH,32,14,Fibrosis,0.7048700620875126
NIH,32,14,Pleural_Thickening,0.694394274101416
NIH,32,14,Hernia,0.8126915573464122
NIH,32,15,Atelectasis,0.6559581960249692
NIH,32,15,Cardiomegaly,0.8665349345062274
NIH,32,15,Effusion,0.7666821724495977
NIH,32,15,Infiltration,0.6721173706362369
NIH,32,15,Mass,0.6107699665578412
NIH,32,15,Nodule,0.6090639451412002
NIH,32,15,Pneumonia,0.6159978356216526
NIH,32,15,Pneumothorax,0.6687189719906108
NIH,32,15,Consolidation,0.7160551927986588
NIH,32,15,Edema,0.7960751818252527
NIH,32,15,Emphysema,0.6309253018628822
NIH,32,15,Fibrosis,0.7368760355722938
NIH,32,15,Pleural_Thickening,0.7063891811094464
NIH,32,15,Hernia,0.7982145624606858
NIH,32,16,Atelectasis,0.5967348708809079
NIH,32,16,Cardiomegaly,0.868054937108884
NIH,32,16,Effusion,0.7707205987244601
NIH,32,16,Infiltration,0.6866829658393354
NIH,32,16,Mass,0.6248304479092222
NIH,32,16,Nodule,0.6509018193835286
NIH,32,16,Pneumonia,0.6063852039412121
NIH,32,16,Pneumothorax,0.744622414433119
NIH,32,16,Consolidation,0.7135117705722198
NIH,32,16,Edema,0.7999425082737472
NIH,32,16,Emphysema,0.6746205881244858
NIH,32,16,Fibrosis,0.4729778388100174
NIH,32,16,Pleural_Thickening,0.6925902169029673
NIH,32,16,Hernia,0.83109428131239
NIH,32,17,Atelectasis,0.6201881158924889
NIH,32,17,Cardiomegaly,0.8660009207698905
NIH,32,17,Effusion,0.7629746573139262
NIH,32,17,Infiltration,0.682001836014461
NIH,32,17,Mass,0.6428980247325357
NIH,32,17,Nodule,0.6588238169666075
NIH,32,17,Pneumonia,0.6103164503907286
NIH,32,17,Pneumothorax,0.703137211618541
NIH,32,17,Consolidation,0.702323381758454
NIH,32,17,Edema,0.7397496130153906
NIH,32,17,Emphysema,0.5610576130883613
NIH,32,17,Fibrosis,0.69241199320057
NIH,32,17,Pleural_Thickening,0.6936377028240546
NIH,32,17,Hernia,0.7585876035845497
NIH,32,18,Atelectasis,0.5918457959784137
NIH,32,18,Cardiomegaly,0.8082604829110455
NIH,32,18,Effusion,0.7707494413673263
NIH,32,18,Infiltration,0.6863881751948974
NIH,32,18,Mass,0.7110406573823383
NIH,32,18,Nodule,0.6048260701175452
NIH,32,18,Pneumonia,0.6066124708630998
NIH,32,18,Pneumothorax,0.7238031493943451
NIH,32,18,Consolidation,0.7096701037926081
NIH,32,18,Edema,0.7590289945411344
NIH,32,18,Emphysema,0.7257010447289556
NIH,32,18,Fibrosis,0.6227616905747675
NIH,32,18,Pleural_Thickening,0.7100750242068103
NIH,32,18,Hernia,0.7916197934234637
NIH,32,19,Atelectasis,0.6544677572295058
NIH,32,19,Cardiomegaly,0.8682372069832514
NIH,32,19,Effusion,0.7666005148570678
NIH,32,19,Infiltration,0.5815164842598732
NIH,32,19,Mass,0.6837928711549961
NIH,32,19,Nodule,0.6498929698046264
NIH,32,19,Pneumonia,0.6318658661057128
NIH,32,19,Pneumothorax,0.7117849019773244
NIH,32,19,Consolidation,0.7148820568032239
NIH,32,19,Edema,0.7630235959278154
NIH,32,19,Emphysema,0.6616679198196656
NIH,32,19,Fibrosis,0.7121240818325386
NIH,32,19,Pleural_Thickening,0.7135863399850139
NIH,32,19,Hernia,0.7634680426280619
NIH,64,0,Atelectasis,0.650498193821831
NIH,64,0,Cardiomegaly,0.8663567455853143
NIH,64,0,Effusion,0.7537605146454389
NIH,64,0,Infiltration,0.6740775388531978
NIH,64,0,Mass,0.6351878664992704
NIH,64,0,Nodule,0.6022393517825648
NIH,64,0,Pneumonia,0.6391776225728544
NIH,64,0,Pneumothorax,0.7484112014647417
NIH,64,0,Consolidation,0.7176008511088847
NIH,64,0,Edema,0.7871324577384323
NIH,64,0,Emphysema,0.6139832794527952
NIH,64,0,Fibrosis,0.5992921447944205
NIH,64,0,Pleural_Thickening,0.7086322042117041
NIH,64,0,Hernia,0.804718623795502
NIH,64,1,Atelectasis,0.6575297800443779
NIH,64,1,Cardiomegaly,0.8711928851970967
NIH,64,1,Effusion,0.758815800444757
NIH,64,1,Infiltration,0.6808095862788746
NIH,64,1,Mass,0.6943833279150868
NIH,64,1,Nodule,0.5980919590197218
NIH,64,1,Pneumonia,0.6019113878464544
NIH,64,1,Pneumothorax,0.729854249918366
NIH,64,1,Consolidation,0.7060640233776924
NIH,64,1,Edema,0.7714652393060241
NIH,64,1,Emphysema,0.6590748135140686
NIH,64,1,Fibrosis,0.6803337312306448
NIH,64,1,Pleural_Thickening,0.7167348443077135
NIH,64,1,Hernia,0.8339508902117729
NIH,64,2,Atelectasis,0.6367073525649154
NIH,64,2,Cardiomegaly,0.8508630243991815
NIH,64,2,Effusion,0.7592857212286896
NIH,64,2,Infiltration,0.6856286875806811
NIH,64,2,Mass,0.6453687043111329
NIH,64,2,Nodule,0.6010667191594856
NIH,64,2,Pneumonia,0.6401048226853906
NIH,64,2,Pneumothorax,0.7216063558977773
NIH,64,2,Consolidation,0.7175769993940344
NIH,64,2,Edema,0.7845141302787932
NIH,64,2,Emphysema,0.6048511191134839
NIH,64,2,Fibrosis,0.7365005228398082
NIH,64,2,Pleural_Thickening,0.7048172187694223
NIH,64,2,Hernia,0.8238264975887248
NIH,64,3,Atelectasis,0.6680799847023898
NIH,64,3,Cardiomegaly,0.8431483823615393
NIH,64,3,Effusion,0.746477747321715
NIH,64,3,Infiltration,0.694838335099225
NIH,64,3,Mass,0.6461170915991976
NIH,64,3,Nodule,0.5464651018491511
NIH,64,3,Pneumonia,0.6323467351381572
NIH,64,3,Pneumothorax,0.742965301811299
NIH,64,3,Consolidation,0.7110300917358501
NIH,64,3,Edema,0.7686088163474567
NIH,64,3,Emphysema,0.693816755040806
NIH,64,3,Fibrosis,0.6549280107372887
NIH,64,3,Pleural_Thickening,0.7184154121576418
NIH,64,3,Hernia,0.8170981739946942
NIH,64,4,Atelectasis,0.6476935658984422
NIH,64,4,Cardiomegaly,0.8700122310370394
NIH,64,4,Effusion,0.7561422884165034
NIH,64,4,Infiltration,0.6904941040695494
NIH,64,4,Mass,0.6359450816268096
NIH,64,4,Nodule,0.5954100293411316
NIH,64,4,Pneumonia,0.635185395051215
NIH,64,4,Pneumothorax,0.6926932113740685
NIH,64,4,Consolidation,0.7131935314705363
NIH,64,4,Edema,0.7758151544597168
NIH,64,4,Emphysema,0.6438770927054548
NIH,64,4,Fibrosis,0.724107277866174
NIH,64,4,Pleural_Thickening,0.7162140709592014
NIH,64,4,Hernia,0.8119704539031661
NIH,64,5,Atelectasis,0.6408964918328726
NIH,64,5,Cardiomegaly,0.854971686383075
NIH,64,5,Effusion,0.7526536871971189
NIH,64,5,Infiltration,0.6737923714894004
NIH,64,5,Mass,0.7001993388523963
NIH,64,5,Nodule,0.6055267582684865
NIH,64,5,Pneumonia,0.635512678126791
NIH,64,5,Pneumothorax,0.6783362322876942
NIH,64,5,Consolidation,0.7121757154327083
NIH,64,5,Edema,0.7717073224170626
NIH,64,5,Emphysema,0.6235561125345706
NIH,64,5,Fibrosis,0.7159675140371867
NIH,64,5,Pleural_Thickening,0.6904340996757076
NIH,64,5,Hernia,0.7831630094901225
NIH,64,6,Atelectasis,0.6502612560540002
NIH,64,6,Cardiomegaly,0.8752226741740444
NIH,64,6,Effusion,0.7563781664823185
NIH,64,6,Infiltration,0.6857335275970833
NIH,64,6,Mass,0.6740425584383782
NIH,64,6,Nodule,0.5976467569967744
NIH,64,6,Pneumonia,0.6354578491274311
NIH,64,6,Pneumothorax,0.735133093218803
NIH,64,6,Consolidation,0.7149408694094864
NIH,64,6,Edema,0.7870080310946105
NIH,64,6,Emphysema,0.640235194980886
NIH,64,6,Fibrosis,0.6061572210595947
NIH,64,6,Pleural_Thickening,0.6729539793498904
NIH,64,6,Hernia,0.8177800771243379
NIH,64,7,Atelectasis,0.6586147523629652
NIH,64,7,Cardiomegaly,0.841210596916485
NIH,64,7,Effusion,0.7514354572195626
NIH,64,7,Infiltration,0.6926475524352912
NIH,64,7,Mass,0.6619712915781644
NIH,64,7,Nodule,0.6250469213683838
NIH,64,7,Pneumonia,0.6261507703942112
NIH,64,7,Pneumothorax,0.7652145276681664
NIH,64,7,Consolidation,0.717991340402662
NIH,64,7,Edema,0.7671864876915341
NIH,64,7,Emphysema,0.6299533163947025
NIH,64,7,Fibrosis,0.6985015123295631
NIH,64,7,Pleural_Thickening,0.7175904682466362
NIH,64,7,Hernia,0.8128346840728214
NIH,64,8,Atelectasis,0.6482194793278032
NIH,64,8,Cardiomegaly,0.8815734386834644
NIH,64,8,Effusion,0.7672466392732992
NIH,64,8,Infiltration,0.6751272573898734
NIH,64,8,Mass,0.6621122731341209
NIH,64,8,Nodule,0.6547069833311912
NIH,64,8,Pneumonia,0.6327789991980719
NIH,64,8,Pneumothorax,0.7154471571988174
NIH,64,8,Consolidation,0.7007302748692934
NIH,64,8,Edema,0.7669510871172741
NIH,64,8,Emphysema,0.64950644242117
NIH,64,8,Fibrosis,0.7261992766583204
NIH,64,8,Pleural_Thickening,0.6974774290701905
NIH,64,8,Hernia,0.7928049191835396
NIH,64,9,Atelectasis,0.6319475661372862
NIH,64,9,Cardiomegaly,0.8791157512102792
NIH,64,9,Effusion,0.7615032416341673
NIH,64,9,Infiltration,0.6975653847337216
NIH,64,9,Mass,0.6631600873034942
NIH,64,9,Nodule,0.5803283032084334
NIH,64,9,Pneumonia,0.5982697924952627
NIH,64,9,Pneumothorax,0.7096524175675734
NIH,64,9,Consolidation,0.7176907323403189
NIH,64,9,Edema,0.7799727878338393
NIH,64,9,Emphysema,0.6110061433932377
NIH,64,9,Fibrosis,0.7246229911553503
NIH,64,9,Pleural_Thickening,0.7180074125094156
NIH,64,9,Hernia,0.8009916311888635
NIH,64,10,Atelectasis,0.6707554198088064
NIH,64,10,Cardiomegaly,0.8424538384094228
NIH,64,10,Effusion,0.7659872216326097
NIH,64,10,Infiltration,0.6735174655993749
NIH,64,10,Mass,0.6360275187745117
NIH,64,10,Nodule,0.5676095249793109
NIH,64,10,Pneumonia,0.6449482308473562
NIH,64,10,Pneumothorax,0.7275965755165815
NIH,64,10,Consolidation,0.7132850576478224
NIH,64,10,Edema,0.7824680251570122
NIH,64,10,Emphysema,0.643090195763321
NIH,64,10,Fibrosis,0.7203394964017932
NIH,64,10,Pleural_Thickening,0.6902790358378147
NIH,64,10,Hernia,0.8153378064233816
NIH,64,11,Atelectasis,0.6664811928451777
NIH,64,11,Cardiomegaly,0.8693087433131005
NIH,64,11,Effusion,0.7658122022609761
NIH,64,11,Infiltration,0.6734855265523275
NIH,64,11,Mass,0.6762057269457133
NIH,64,11,Nodule,0.6370804066671946
NIH,64,11,Pneumonia,0.6315221775027694
NIH,64,11,Pneumothorax,0.7149238317775743
NIH,64,11,Consolidation,0.71318954653129
NIH,64,11,Edema,0.7804333132126898
NIH,64,11,Emphysema,0.6534830079809112
NIH,64,11,Fibrosis,0.6167914492735747
NIH,64,11,Pleural_Thickening,0.7064529562112101
NIH,64,11,Hernia,0.7738433628399259
NIH,64,12,Atelectasis,0.6593181931760036
NIH,64,12,Cardiomegaly,0.8769012618651338
NIH,64,12,Effusion,0.7660354533396992
NIH,64,12,Infiltration,0.6788773642032502
NIH,64,12,Mass,0.680166212384768
NIH,64,12,Nodule,0.5772298929744308
NIH,64,12,Pneumonia,0.6429160321217349
NIH,64,12,Pneumothorax,0.7084698912791887
NIH,64,12,Consolidation,0.7189731761460146
NIH,64,12,Edema,0.7863908495257044
NIH,64,12,Emphysema,0.7085195684722813
NIH,64,12,Fibrosis,0.6831213879169871
NIH,64,12,Pleural_Thickening,0.6957145528771445
NIH,64,12,Hernia,0.7966524755453857
NIH,64,13,Atelectasis,0.6505556363864751
NIH,64,13,Cardiomegaly,0.8645255035372141
NIH,64,13,Effusion,0.7638875069666312
NIH,64,13,Infiltration,0.6697005710350605
NIH,64,13,Mass,0.6729534477318977
NIH,64,13,Nodule,0.5931090221415913
NIH,64,13,Pneumonia,0.6518852505314707
NIH,64,13,Pneumothorax,0.7036702897664361
NIH,64,13,Consolidation,0.717617914526065
NIH,64,13,Edema,0.7852236623149841
NIH,64,13,Emphysema,0.659813655396081
NIH,64,13,Fibrosis,0.6779686405753842
NIH,64,13,Pleural_Thickening,0.7039215408465305
NIH,64,13,Hernia,0.7982555860446883
NIH,64,14,Atelectasis,0.6364731000507903
NIH,64,14,Cardiomegaly,0.879276338635687
NIH,64,14,Effusion,0.7606481695472466
NIH,64,14,Infiltration,0.6740013251576538
NIH,64,14,Mass,0.638767735321414
NIH,64,14,Nodule,0.6590556448298441
NIH,64,14,Pneumonia,0.6552273370771035
NIH,64,14,Pneumothorax,0.7032849997909546
NIH,64,14,Consolidation,0.7186040711483102
NIH,64,14,Edema,0.7888658858688448
NIH,64,14,Emphysema,0.6571681627273528
NIH,64,14,Fibrosis,0.7130390172347553
NIH,64,14,Pleural_Thickening,0.7015779266090082
NIH,64,14,Hernia,0.8176127920651273
NIH,64,15,Atelectasis,0.6994539218868306
NIH,64,15,Cardiomegaly,0.8548044817107112
NIH,64,15,Effusion,0.7598926163695543
NIH,64,15,Infiltration,0.676236886306767
NIH,64,15,Mass,0.6604756324763164
NIH,64,15,Nodule,0.5985934731101139
NIH,64,15,Pneumonia,0.6337773618832682
NIH,64,15,Pneumothorax,0.7535984902255507
NIH,64,15,Consolidation,0.7203443775229501
NIH,64,15,Edema,0.7716552643600594
NIH,64,15,Emphysema,0.6165539077893221
NIH,64,15,Fibrosis,0.6535382938473929
NIH,64,15,Pleural_Thickening,0.6905411488226794
NIH,64,15,Hernia,0.7892705095129133
NIH,64,16,Atelectasis,0.6093412077817477
NIH,64,16,Cardiomegaly,0.8711697343676885
NIH,64,16,Effusion,0.7630159218771027
NIH,64,16,Infiltration,0.682351767385187
NIH,64,16,Mass,0.6370957713113641
NIH,64,16,Nodule,0.588716500970143
NIH,64,16,Pneumonia,0.6249972027856298
NIH,64,16,Pneumothorax,0.7030876461671498
NIH,64,16,Consolidation,0.7112424866808618
NIH,64,16,Edema,0.7832587774025089
NIH,64,16,Emphysema,0.6419627314526044
NIH,64,16,Fibrosis,0.7257292461833152
NIH,64,16,Pleural_Thickening,0.7179695946790849
NIH,64,16,Hernia,0.8179459947307486
NIH,64,17,Atelectasis,0.6694758110091384
NIH,64,17,Cardiomegaly,0.8247956863025239
NIH,64,17,Effusion,0.7685090560156731
NIH,64,17,Infiltration,0.6817840274165083
NIH,64,17,Mass,0.6542513819406969
NIH,64,17,Nodule,0.5939939646108855
NIH,64,17,Pneumonia,0.6295005560250558
NIH,64,17,Pneumothorax,0.7274631709796164
NIH,64,17,Consolidation,0.7126763002572949
NIH,64,17,Edema,0.7993916043237108
NIH,64,17,Emphysema,0.6239723096811455
NIH,64,17,Fibrosis,0.7344373955862179
NIH,64,17,Pleural_Thickening,0.717048424604717
NIH,64,17,Hernia,0.835673197013483
NIH,64,18,Atelectasis,0.6500053916888022
NIH,64,18,Cardiomegaly,0.8701900957700612
NIH,64,18,Effusion,0.7509512637876138
NIH,64,18,Infiltration,0.6840002412370036
NIH,64,18,Mass,0.6707419060226592
NIH,64,18,Nodule,0.5663274295103865
NIH,64,18,Pneumonia,0.6474997220774146
NIH,64,18,Pneumothorax,0.7190175060625222
NIH,64,18,Consolidation,0.7204105923855457
NIH,64,18,Edema,0.7797435658673549
NIH,64,18,Emphysema,0.5827817860792593
NIH,64,18,Fibrosis,0.7337354334636664
NIH,64,18,Pleural_Thickening,0.6305916229248181
NIH,64,18,Hernia,0.8019900996417273
NIH,64,19,Atelectasis,0.692388793907434
NIH,64,19,Cardiomegaly,0.8603345931783315
NIH,64,19,Effusion,0.760333791917342
NIH,64,19,Infiltration,0.6891727293894521
NIH,64,19,Mass,0.6682379421308255
NIH,64,19,Nodule,0.5748417961169553
NIH,64,19,Pneumonia,0.6004583833863815
NIH,64,19,Pneumothorax,0.7439064153877736
NIH,64,19,Consolidation,0.7186184007118214
NIH,64,19,Edema,0.793616358850034
NIH,64,19,Emphysema,0.5999642144758195
NIH,64,19,Fibrosis,0.659778429214708
NIH,64,19,Pleural_Thickening,0.6990925938985063
NIH,64,19,Hernia,0.806326292470805
